category,description,systemMatchCounter,influenceDistance,name,x,y
0,Bonnie,810,133.152,Knowledge Element 1,7.6667447,8.970236
0,Bonnie,824,181.442,Knowledge Element 2,3.7520535,11.044708
0,Bonnie,803,47.0505,Knowledge Element 3,5.266777,9.894911
0,Bonnie,802,13.4032,Knowledge Element 4,7.128895,9.835079
0,Bonnie,801,8.30969,Knowledge Element 5,6.57608,10.565342
0,Bonnie,800,10.8402,Knowledge Element 6,6.25814,9.529149
0,Bonnie,799,12.5625,Knowledge Element 7,6.5883703,9.059065
0,Bonnie,798,15.2097,Knowledge Element 8,6.860201,9.589405
0,Bonnie,797,10.3379,Knowledge Element 9,8.098185,9.087682
0,Bonnie,796,8.15479,Knowledge Element 10,7.3376474,7.3635473
0,Bonnie,795,8.92634,Knowledge Element 11,6.379946,9.500867
0,Bonnie,794,13.1973,Knowledge Element 12,6.981116,10.179966
0,Bonnie,793,20.6405,Knowledge Element 13,5.3118944,11.256789
0,Bonnie,792,14.5392,Knowledge Element 14,6.2502394,9.990038
0,Bonnie,791,13.8648,Knowledge Element 15,5.626241,9.382398
0,Bonnie,790,20.4916,Knowledge Element 16,6.302396,8.546212
0,Bonnie,789,26.797,Knowledge Element 17,7.521431,7.547003
0,Bonnie,788,43.7849,Knowledge Element 18,8.257108,9.436793
0,Bonnie,787,39.9572,Knowledge Element 19,9.020804,8.879209
0,Bonnie,786,26.1769,Knowledge Element 20,7.5900435,9.068594
0,Bonnie,785,22.7727,Knowledge Element 21,6.6215744,10.830949
0,Bonnie,784,14.3334,Knowledge Element 22,6.9620814,10.944312
0,Bonnie,783,19.3269,Knowledge Element 23,6.546366,10.889714
0,Bonnie,782,19.8822,Knowledge Element 24,6.282053,10.132527
0,Bonnie,781,23.0062,Knowledge Element 25,5.88782,8.364984
0,Bonnie,780,21.7389,Knowledge Element 26,6.945779,7.3426843
0,Bonnie,779,26.3533,Knowledge Element 27,5.68137,8.004058
0,Bonnie,778,25.8412,Knowledge Element 28,5.579871,10.3042
0,Bonnie,777,25.5013,Knowledge Element 29,7.9160423,9.583887
0,Bonnie,776,19.4309,Knowledge Element 30,6.9061847,9.258919
0,Bonnie,775,17.7399,Knowledge Element 31,5.9737635,9.922001
0,Bonnie,774,16.6862,Knowledge Element 32,7.0607853,8.527799
0,Bonnie,773,21.2317,Knowledge Element 33,8.916044,9.339112
0,Bonnie,772,17.5648,Knowledge Element 34,6.5507255,7.4383554
0,Bonnie,771,20.8131,Knowledge Element 35,5.8198595,9.0629835
0,Bonnie,770,27.5222,Knowledge Element 36,7.6222653,9.820422
0,Bonnie,769,22.2158,Knowledge Element 37,6.9966745,10.11966
0,Bonnie,768,40.5893,Knowledge Element 38,6.9027386,11.420225
0,Bonnie,767,32.1389,Knowledge Element 39,6.5092144,11.13609
0,Bonnie,766,25.6573,Knowledge Element 40,5.3743334,7.8928623
0,Bonnie,765,29.9499,Knowledge Element 41,7.9610896,6.4959626
0,Bonnie,764,34.0641,Knowledge Element 42,7.9033456,8.853324
0,Bonnie,763,37.1561,Knowledge Element 43,6.3950953,11.336602
0,Bonnie,762,32.5221,Knowledge Element 44,5.576555,11.571373
0,Bonnie,761,32.1434,Knowledge Element 45,5.369394,10.683758
0,Bonnie,760,34.3905,Knowledge Element 46,7.3699193,7.2296863
0,Bonnie,759,42.2816,Knowledge Element 47,6.28039,8.058528
0,Bonnie,758,62.768,Knowledge Element 48,7.954166,9.040324
0,Bonnie,757,65.2279,Knowledge Element 49,7.195384,10.554835
0,Bonnie,756,53.7063,Knowledge Element 50,5.9364977,10.484934
0,Bonnie,755,39.7183,Knowledge Element 51,5.3581815,11.407663
0,Bonnie,754,32.4495,Knowledge Element 52,5.4398217,11.091025
0,Bonnie,753,26.9851,Knowledge Element 53,6.0243196,10.334157
0,Bonnie,752,28.0116,Knowledge Element 54,6.8156266,7.377496
0,Bonnie,751,36.1839,Knowledge Element 55,6.5285645,7.1294174
0,Bonnie,750,45.5473,Knowledge Element 56,4.8949504,7.3872466
0,Bonnie,749,54.1489,Knowledge Element 57,7.7569056,9.866787
0,Bonnie,748,42.9439,Knowledge Element 58,7.865627,9.952605
0,Bonnie,747,68.1122,Knowledge Element 59,1.9477618,12.1371975
0,Bonnie,746,25.5668,Knowledge Element 60,2.0618176,12.375313
0,Bonnie,745,27.0931,Knowledge Element 61,1.8099425,12.146241
0,Bonnie,744,30.2452,Knowledge Element 62,2.0243611,12.359309
0,Bonnie,743,38.8222,Knowledge Element 63,1.7733115,12.455533
0,Bonnie,742,35.0979,Knowledge Element 64,1.6521488,12.460124
0,Bonnie,741,30.7027,Knowledge Element 65,1.5009663,12.334791
0,Bonnie,740,21.688,Knowledge Element 66,1.5193528,12.257948
0,Bonnie,739,17.6503,Knowledge Element 67,1.6582073,12.127712
0,Bonnie,738,17.9878,Knowledge Element 68,1.5704036,12.289127
0,Bonnie,737,19.959,Knowledge Element 69,1.655695,12.476609
0,Bonnie,736,26.902,Knowledge Element 70,1.6277517,12.480593
0,Bonnie,735,28.84,Knowledge Element 71,1.4741466,12.250623
0,Bonnie,734,30.579,Knowledge Element 72,1.2869195,11.543404
0,Bonnie,733,31.0836,Knowledge Element 73,0.9649959,11.405641
0,Bonnie,732,37.3518,Knowledge Element 74,1.429652,11.641964
0,Bonnie,731,31.8518,Knowledge Element 75,2.0428736,11.806266
0,Bonnie,730,21.4572,Knowledge Element 76,2.1732657,12.14615
0,Bonnie,729,16.3872,Knowledge Element 77,2.3480618,11.570609
0,Bonnie,728,23.7033,Knowledge Element 78,1.7936832,11.986263
0,Bonnie,727,33.2408,Knowledge Element 79,1.2857857,11.533253
0,Bonnie,726,38.4723,Knowledge Element 80,2.3552551,11.298502
0,Bonnie,725,39.3615,Knowledge Element 81,2.8272612,11.182432
0,Bonnie,724,32.2364,Knowledge Element 82,1.605795,11.444805
0,Bonnie,723,30.5345,Knowledge Element 83,1.3084286,11.561612
0,Bonnie,722,27.0194,Knowledge Element 84,1.051156,11.333233
0,Bonnie,721,25.5759,Knowledge Element 85,1.0293599,11.320229
0,Bonnie,720,31.1151,Knowledge Element 86,0.6006874,11.058926
0,Bonnie,719,38.1478,Knowledge Element 87,-0.64627826,7.3090334
0,Bonnie,718,83.8137,Knowledge Element 88,-0.24784137,6.0186234
0,Bonnie,717,43.1435,Knowledge Element 89,-0.33367673,5.7938247
0,Bonnie,716,34.8553,Knowledge Element 90,-0.24559614,5.2867265
0,Bonnie,715,31.6417,Knowledge Element 91,-0.038104758,4.9985056
0,Bonnie,714,46.3166,Knowledge Element 92,0.058037914,4.8273745
0,Bonnie,713,52.107,Knowledge Element 93,0.38905427,5.059473
0,Bonnie,712,48.5221,Knowledge Element 94,-0.19092521,4.995504
0,Bonnie,711,32.193,Knowledge Element 95,-0.12762046,4.7543483
0,Bonnie,710,28.4625,Knowledge Element 96,0.106343605,4.5215445
0,Bonnie,709,28.2689,Knowledge Element 97,-0.19436903,4.8311667
0,Bonnie,708,27.8951,Knowledge Element 98,-0.15372214,4.994576
0,Bonnie,707,27.5407,Knowledge Element 99,0.20949696,4.8172684
0,Bonnie,706,33.4396,Knowledge Element 100,1.2018248,4.649771
0,Bonnie,705,34.5188,Knowledge Element 101,0.44427562,4.0467114
0,Bonnie,704,50.0136,Knowledge Element 102,-0.15825877,4.1832256
0,Bonnie,703,41.329,Knowledge Element 103,-1.0660683,3.1325517
0,Bonnie,702,24.7689,Knowledge Element 104,-1.1638541,3.2200181
0,Bonnie,701,20.9273,Knowledge Element 105,-1.1774338,3.3503644
0,Bonnie,700,26.7663,Knowledge Element 106,2.2716482,11.665989
0,Bonnie,699,29.8888,Knowledge Element 107,1.9080431,11.952305
0,Bonnie,698,27.7085,Knowledge Element 108,2.6065698,11.225809
0,Bonnie,697,38.1024,Knowledge Element 109,2.4852395,11.122752
0,Bonnie,696,44.8038,Knowledge Element 110,3.0113342,10.962257
0,Bonnie,695,45.5117,Knowledge Element 111,6.463356,8.944981
0,Bonnie,694,50.6798,Knowledge Element 112,5.4885654,11.522096
0,Bonnie,693,44.0504,Knowledge Element 113,5.9456077,10.194168
0,Bonnie,692,34.703,Knowledge Element 114,5.6127963,10.713778
0,Bonnie,691,32.569,Knowledge Element 115,5.0235906,11.219
0,Bonnie,690,37.1224,Knowledge Element 116,3.9929466,11.031125
0,Bonnie,689,44.9964,Knowledge Element 117,4.9854054,10.661363
0,Bonnie,688,43.0006,Knowledge Element 118,5.804532,10.189277
0,Bonnie,687,42.4952,Knowledge Element 119,6.5014105,7.135208
0,Bonnie,686,29.2892,Knowledge Element 120,6.404485,7.17425
0,Bonnie,685,35.3108,Knowledge Element 121,5.3415146,8.740201
0,Bonnie,684,63.6701,Knowledge Element 122,6.430512,6.947811
0,Bonnie,683,100.415,Knowledge Element 123,6.89109,6.741064
0,Bonnie,682,160.18,Knowledge Element 124,5.5673914,8.883897
0,Bonnie,681,145.63,Knowledge Element 125,-0.7390407,2.7132347
0,Bonnie,680,116.706,Knowledge Element 126,2.0274148,1.7621266
0,Bonnie,679,71.8482,Knowledge Element 127,3.5214334,1.8689678
0,Bonnie,678,52.192,Knowledge Element 128,2.0279937,0.5279662
0,Bonnie,677,41.8235,Knowledge Element 129,1.9258087,0.40430298
0,Bonnie,676,31.7101,Knowledge Element 130,2.451422,0.4427655
0,Bonnie,675,33.3264,Knowledge Element 131,3.789677,1.7802206
0,Bonnie,674,33.7712,Knowledge Element 132,4.3337307,2.393518
0,Bonnie,673,34.9666,Knowledge Element 133,4.055106,1.9692507
0,Bonnie,672,31.7958,Knowledge Element 134,3.8297799,1.622837
0,Bonnie,671,32.2544,Knowledge Element 135,3.934426,1.7451484
0,Bonnie,670,35.3821,Knowledge Element 136,4.5269923,2.4740174
0,Bonnie,669,31.9658,Knowledge Element 137,4.5481377,2.6420546
0,Bonnie,668,37.2137,Knowledge Element 138,3.8109972,1.5879886
0,Bonnie,667,30.3141,Knowledge Element 139,3.9790943,1.5308983
0,Bonnie,666,30.4173,Knowledge Element 140,3.9486706,1.7691339
0,Bonnie,665,32.1321,Knowledge Element 141,2.0720532,0.5656038
0,Bonnie,664,30.8584,Knowledge Element 142,2.4227016,0.6023369
0,Bonnie,663,23.912,Knowledge Element 143,2.3084874,0.33726898
0,Bonnie,662,23.6548,Knowledge Element 144,1.8748862,0.3787792
0,Bonnie,661,29.471,Knowledge Element 145,1.6217824,0.36732054
0,Bonnie,660,34.0993,Knowledge Element 146,1.1272433,0.53233486
0,Bonnie,659,32.6868,Knowledge Element 147,1.3166553,0.3368474
0,Bonnie,658,34.5836,Knowledge Element 148,0.2605554,1.9451914
0,Bonnie,657,39.0094,Knowledge Element 149,-0.32675126,3.1930575
0,Bonnie,656,40.8046,Knowledge Element 150,-1.0058773,3.0866263
0,Bonnie,655,45.4052,Knowledge Element 151,-0.749622,2.8286915
0,Bonnie,654,39.1924,Knowledge Element 152,1.759917,3.8115067
0,Bonnie,653,54.2125,Knowledge Element 153,3.7694285,3.3229182
0,Bonnie,652,99.0589,Knowledge Element 154,3.905627,3.2107332
0,Bonnie,651,129.817,Knowledge Element 155,-0.87710416,7.509833
0,Bonnie,650,92.2787,Knowledge Element 156,-0.922351,8.281016
0,Bonnie,649,48.3586,Knowledge Element 157,-0.8240668,7.9668117
0,Bonnie,648,41.2042,Knowledge Element 158,-0.58777213,7.698733
0,Bonnie,647,43.4255,Knowledge Element 159,-0.5948365,7.73286
0,Bonnie,646,43.7836,Knowledge Element 160,-0.75853616,8.489055
0,Bonnie,645,37.4114,Knowledge Element 161,-0.5450591,9.708887
0,Bonnie,644,47.2329,Knowledge Element 162,-0.46825188,10.218138
0,Bonnie,643,56.7153,Knowledge Element 163,-0.42873207,10.095954
0,Bonnie,642,58.0182,Knowledge Element 164,-0.50439686,10.056551
0,Bonnie,641,42.055,Knowledge Element 165,-0.45963547,9.809851
0,Bonnie,640,36.5155,Knowledge Element 166,-0.3517975,10.191751
0,Bonnie,639,27.9902,Knowledge Element 167,-0.36544713,10.305517
0,Bonnie,638,32.2992,Knowledge Element 168,-0.23887683,9.936708
0,Bonnie,637,35.3513,Knowledge Element 169,-0.27958795,9.76679
0,Bonnie,636,41.0097,Knowledge Element 170,-0.4236316,9.854389
0,Bonnie,635,77.695,Knowledge Element 171,-0.32130173,10.4900055
0,Bonnie,634,102.64,Knowledge Element 172,-0.4130415,10.363606
0,Bonnie,633,124.69,Knowledge Element 173,4.4518657,8.623293
0,Bonnie,632,101.002,Knowledge Element 174,4.796307,10.223769
0,Bonnie,631,96.9034,Knowledge Element 175,-0.14446564,10.561184
0,Bonnie,630,90.5511,Knowledge Element 176,3.6928756,7.22533
0,Bonnie,629,94.5952,Knowledge Element 177,5.9137244,6.969398
0,Bonnie,628,84.4577,Knowledge Element 178,5.60016,11.002657
0,Bonnie,627,68.538,Knowledge Element 179,1.3100395,11.420576
0,Bonnie,626,87.5328,Knowledge Element 180,1.8082466,12.157831
0,Bonnie,625,51.2498,Knowledge Element 181,0.0950918,2.2868006
0,Bonnie,624,42.3874,Knowledge Element 182,0.38428926,2.134468
0,Bonnie,623,45.3042,Knowledge Element 183,1.3482289,1.9898727
0,Bonnie,622,32.3885,Knowledge Element 184,0.205706,2.7000856
0,Bonnie,621,38.8676,Knowledge Element 185,-0.70998985,2.9789176
0,Bonnie,620,45.8271,Knowledge Element 186,-0.32463327,2.6976423
0,Bonnie,619,45.7793,Knowledge Element 187,1.2622558,3.993587
0,Bonnie,618,33.607,Knowledge Element 188,0.7644385,4.4763513
0,Bonnie,617,33.2101,Knowledge Element 189,0.6243202,4.163559
0,Bonnie,616,36.3243,Knowledge Element 190,0.78137934,4.4019384
0,Bonnie,615,33.1159,Knowledge Element 191,0.5536813,4.8611517
0,Bonnie,614,41.2104,Knowledge Element 192,0.535678,5.1071043
0,Bonnie,613,50.9586,Knowledge Element 193,0.76847476,5.329987
0,Bonnie,612,73.7205,Knowledge Element 194,1.064208,4.7520986
0,Bonnie,611,89.4557,Knowledge Element 195,1.5450926,4.480696
0,Bonnie,610,99.9951,Knowledge Element 196,3.5499456,5.3192816
0,Bonnie,609,72.0254,Knowledge Element 197,3.1994858,6.0281525
0,Bonnie,608,81.4559,Knowledge Element 198,3.0606537,6.1919966
0,Bonnie,607,66.1171,Knowledge Element 199,4.603749,5.6025224
0,Bonnie,606,48.72,Knowledge Element 200,5.5803695,4.4912195
0,Bonnie,605,36.1863,Knowledge Element 201,4.2908916,4.92782
0,Bonnie,604,39.7656,Knowledge Element 202,4.7606483,5.806533
0,Bonnie,603,49.9497,Knowledge Element 203,4.6888103,5.8778286
0,Bonnie,602,55.982,Knowledge Element 204,4.6356716,6.035599
0,Bonnie,601,61.9171,Knowledge Element 205,3.8852487,6.4047146
0,Bonnie,600,65.0159,Knowledge Element 206,4.44069,6.1772003
0,Bonnie,599,68.0779,Knowledge Element 207,4.591861,6.150589
0,Bonnie,598,80.8601,Knowledge Element 208,6.6532516,5.713773
0,Bonnie,597,68.4013,Knowledge Element 209,6.60165,5.784344
0,Bonnie,596,49.3136,Knowledge Element 210,4.293951,6.168918
0,Bonnie,595,78.8594,Knowledge Element 211,4.2065473,6.261944
0,Bonnie,594,78.0105,Knowledge Element 212,4.588298,5.9505186
0,Bonnie,593,67.1289,Knowledge Element 213,5.080209,6.0873866
0,Bonnie,592,55.7261,Knowledge Element 214,5.1863995,6.2752776
0,Bonnie,591,46.93,Knowledge Element 215,6.001876,6.654354
0,Bonnie,590,53.7632,Knowledge Element 216,5.6738973,4.9124684
0,Bonnie,589,73.2219,Knowledge Element 217,4.6019287,5.8054786
0,Bonnie,588,65.6685,Knowledge Element 218,4.775986,5.65973
0,Bonnie,587,46.3157,Knowledge Element 219,4.708578,6.6702666
0,Bonnie,586,45.516,Knowledge Element 220,4.2966638,6.93994
0,Bonnie,585,53.9943,Knowledge Element 221,4.338343,5.9175096
0,Bonnie,584,60.5675,Knowledge Element 222,3.9136827,6.031476
0,Bonnie,583,60.4277,Knowledge Element 223,3.5023808,6.4109864
0,Bonnie,582,66.8956,Knowledge Element 224,4.9844475,6.247326
0,Bonnie,581,73.2524,Knowledge Element 225,5.3437696,7.7446976
0,Bonnie,580,60.9309,Knowledge Element 226,5.872222,7.5828004
0,Bonnie,579,69.4598,Knowledge Element 227,4.3231616,5.6009517
0,Bonnie,578,108.667,Knowledge Element 228,5.975208,4.539232
0,Bonnie,577,113.272,Knowledge Element 229,4.5754323,8.627816
0,Bonnie,576,83.9391,Knowledge Element 230,2.2229645,7.8240204
0,Bonnie,575,67.0809,Knowledge Element 231,1.7649008,7.822029
0,Bonnie,574,63.3051,Knowledge Element 232,1.7147356,8.014848
0,Bonnie,573,58.9682,Knowledge Element 233,2.1416073,7.9218464
0,Bonnie,572,57.5501,Knowledge Element 234,1.8407351,7.918649
0,Bonnie,571,45.204,Knowledge Element 235,0.7254267,8.009065
0,Bonnie,570,36.4728,Knowledge Element 236,0.3769334,8.1942835
0,Bonnie,569,31.2268,Knowledge Element 237,0.46327055,8.3026905
0,Bonnie,568,64.8073,Knowledge Element 238,-0.27309114,7.859306
0,Bonnie,567,79.0825,Knowledge Element 239,1.1727465,7.7092104
0,Bonnie,566,71.1645,Knowledge Element 240,3.4949133,7.137484
0,Bonnie,565,55.4744,Knowledge Element 241,4.012225,6.4378867
0,Bonnie,564,62.2716,Knowledge Element 242,3.7741084,6.4380755
0,Bonnie,563,60.0132,Knowledge Element 243,3.9353292,7.0057173
0,Bonnie,562,67.449,Knowledge Element 244,4.6879215,6.8345065
0,Bonnie,561,62.37,Knowledge Element 245,3.7270186,5.5968723
0,Bonnie,560,43.3581,Knowledge Element 246,4.393756,5.7037086
0,Bonnie,559,54.508,Knowledge Element 247,3.487187,6.1524944
0,Bonnie,558,86.2691,Knowledge Element 248,3.1999276,6.4070287
0,Bonnie,557,104.671,Knowledge Element 249,0.8052154,6.5542297
0,Bonnie,556,81.1348,Knowledge Element 250,0.20617601,7.5021896
0,Bonnie,555,49.1637,Knowledge Element 251,0.1910949,8.276992
0,Bonnie,554,25.2435,Knowledge Element 252,0.25075167,8.406894
0,Bonnie,553,34.0708,Knowledge Element 253,-0.16095915,9.226664
0,Bonnie,552,46.5635,Knowledge Element 254,0.2559705,8.420467
0,Bonnie,551,53.0584,Knowledge Element 255,0.34970143,8.299048
0,Bonnie,550,58.8441,Knowledge Element 256,-0.35981795,8.277669
0,Bonnie,549,76.9674,Knowledge Element 257,0.07041021,8.072876
0,Bonnie,548,139.183,Knowledge Element 258,2.1800792,7.7860236
0,Bonnie,547,137.053,Knowledge Element 259,1.8233187,7.624464
0,Bonnie,546,125.643,Knowledge Element 260,0.8648158,5.411119
0,Bonnie,545,87.8641,Knowledge Element 261,3.487249,5.8641458
0,Bonnie,544,62.6484,Knowledge Element 262,4.3533206,6.959198
0,Bonnie,543,64.5976,Knowledge Element 263,1.6940954,7.706273
0,Bonnie,542,50.0177,Knowledge Element 264,3.5890675,6.662908
0,Bonnie,541,44.1306,Knowledge Element 265,3.4205096,6.3747907
0,Bonnie,540,41.7152,Knowledge Element 266,1.8728168,6.8757157
0,Bonnie,539,35.8524,Knowledge Element 267,3.3993454,6.5803914
0,Bonnie,538,44.2048,Knowledge Element 268,1.9846245,6.7319927
0,Bonnie,537,134.967,Knowledge Element 269,0.72767574,6.818324
0,Bonnie,536,173.413,Knowledge Element 270,4.790156,6.08282
0,Bonnie,535,221.778,Knowledge Element 271,6.874839,6.0786014
0,Bonnie,534,145.218,Knowledge Element 272,6.9880395,6.676268
0,Bonnie,533,128.388,Knowledge Element 273,6.2832713,7.2141466
0,Bonnie,532,87.6106,Knowledge Element 274,4.563411,7.0257897
0,Bonnie,531,69.027,Knowledge Element 275,5.1617374,7.547546
0,Bonnie,530,66.447,Knowledge Element 276,5.2524977,8.536251
0,Bonnie,529,60.9877,Knowledge Element 277,4.396769,8.395237
0,Bonnie,528,50.7508,Knowledge Element 278,4.633196,8.176747
0,Bonnie,527,35.6541,Knowledge Element 279,4.5401015,8.447207
0,Bonnie,526,40.8778,Knowledge Element 280,3.8592703,8.190904
0,Bonnie,525,45.3328,Knowledge Element 281,2.4198272,7.6819453
0,Bonnie,524,52.302,Knowledge Element 282,0.8463913,8.065691
0,Bonnie,523,76.3535,Knowledge Element 283,0.26985073,8.150528
0,Bonnie,522,66.4926,Knowledge Element 284,0.85924286,7.7446904
0,Bonnie,521,53.1075,Knowledge Element 285,1.1823796,7.466151
0,Bonnie,520,59.5327,Knowledge Element 286,1.3857903,7.216543
0,Bonnie,519,54.5803,Knowledge Element 287,1.5879377,6.868564
0,Bonnie,518,45.0841,Knowledge Element 288,2.2408738,6.5021977
0,Bonnie,517,41.0989,Knowledge Element 289,2.1916173,4.113595
0,Bonnie,516,52.5443,Knowledge Element 290,3.933036,4.0470214
0,Bonnie,515,51.6311,Knowledge Element 291,4.576485,4.50819
0,Bonnie,514,46.9054,Knowledge Element 292,5.2352495,4.395865
0,Bonnie,513,37.7372,Knowledge Element 293,5.3678355,4.396424
0,Bonnie,512,36.9646,Knowledge Element 294,5.4575515,4.3159723
0,Bonnie,511,32.0534,Knowledge Element 295,5.8733516,4.3176165
0,Bonnie,510,36.9833,Knowledge Element 296,5.218241,4.2808948
0,Bonnie,509,47.1453,Knowledge Element 297,4.520484,4.3221474
0,Bonnie,508,61.6313,Knowledge Element 298,4.7804956,4.248702
0,Bonnie,508,112.186,Knowledge Element 299,-0.056947496,2.415574
0,Bonnie,506,98.334,Knowledge Element 300,0.24640186,2.1847315
0,Bonnie,505,69.6336,Knowledge Element 301,0.59748507,1.6950334
0,Bonnie,504,63.1663,Knowledge Element 302,0.16214333,2.199676
0,Bonnie,503,62.8731,Knowledge Element 303,0.5209046,1.815149
0,Bonnie,502,61.1337,Knowledge Element 304,0.42857322,1.8122704
0,Bonnie,501,65.7314,Knowledge Element 305,0.93320596,0.95740473
0,Bonnie,500,64.9423,Knowledge Element 306,1.3582242,1.0664577
0,Bonnie,499,65.1548,Knowledge Element 307,0.9608862,0.8826457
0,Bonnie,498,54.7782,Knowledge Element 308,1.2316682,0.7436196
0,Bonnie,497,67.6032,Knowledge Element 309,1.3054276,0.50999415
0,Bonnie,496,73.1144,Knowledge Element 310,0.9150132,0.7386563
0,Bonnie,495,50.2621,Knowledge Element 311,1.0617061,0.683792
0,Bonnie,494,51.2453,Knowledge Element 312,1.3993009,0.8126618
0,Bonnie,493,54.1604,Knowledge Element 313,1.5259365,0.6744923
0,Bonnie,492,58.7175,Knowledge Element 314,0.65087,1.3115412
0,Bonnie,491,66.9657,Knowledge Element 315,0.852895,0.74833685
0,Bonnie,490,61.6749,Knowledge Element 316,1.0016869,0.3713101
0,Bonnie,489,61.292,Knowledge Element 317,1.109357,0.34431508
0,Bonnie,488,54.5228,Knowledge Element 318,0.29656482,2.0477564
0,Bonnie,487,59.8383,Knowledge Element 319,0.69438815,1.7416283
0,Bonnie,486,54.892,Knowledge Element 320,1.2735808,0.8799172
0,Bonnie,485,50.9663,Knowledge Element 321,3.9029353,4.5180264
0,Bonnie,484,62.3733,Knowledge Element 322,4.110346,5.1592393
0,Bonnie,483,67.3354,Knowledge Element 323,7.027377,7.90722
0,Bonnie,482,69.1105,Knowledge Element 324,5.4133716,8.377699
0,Bonnie,481,70.7738,Knowledge Element 325,6.889018,8.767515
0,Bonnie,480,52.4775,Knowledge Element 326,7.6213903,8.557853
0,Bonnie,479,48.4206,Knowledge Element 327,5.8326483,8.2707405
0,Bonnie,478,93.5709,Knowledge Element 328,8.544656,6.501025
0,Bonnie,477,90.0522,Knowledge Element 329,9.034429,6.162698
0,Bonnie,476,76.0596,Knowledge Element 330,7.963243,5.8623223
0,Bonnie,475,73.6752,Knowledge Element 331,8.464807,6.0240655
0,Bonnie,474,72.7504,Knowledge Element 332,8.076702,5.797095
0,Bonnie,473,77.156,Knowledge Element 333,4.151951,3.0195847
0,Bonnie,472,92.5496,Knowledge Element 334,4.0964127,3.0349987
0,Bonnie,471,106.199,Knowledge Element 335,3.002617,1.6080563
0,Bonnie,470,108.515,Knowledge Element 336,-0.22475232,2.8752398
0,Bonnie,469,87.9189,Knowledge Element 337,-1.0998245,3.6805353
0,Bonnie,468,62.9093,Knowledge Element 338,-0.96366173,3.936171
0,Bonnie,467,69.0673,Knowledge Element 339,-1.0979065,3.5910866
0,Bonnie,466,108.347,Knowledge Element 340,-1.1106403,3.9372718
0,Bonnie,465,132.711,Knowledge Element 341,-0.9377638,7.902581
0,Bonnie,464,96.6422,Knowledge Element 342,-0.6275824,8.192729
0,Bonnie,463,90.7292,Knowledge Element 343,-0.5322751,8.015421
0,Bonnie,462,78.4561,Knowledge Element 344,-0.2206322,8.283734
0,Bonnie,461,91.8926,Knowledge Element 345,-0.5351215,8.284761
0,Bonnie,460,135.79,Knowledge Element 346,-0.5473738,8.364296
0,Bonnie,459,141.002,Knowledge Element 347,1.8782451,7.971659
0,Bonnie,458,147.045,Knowledge Element 348,4.6081166,8.723025
0,Bonnie,457,157.218,Knowledge Element 349,4.553063,8.684906
0,Bonnie,456,143.746,Knowledge Element 350,4.476166,8.547053
0,Bonnie,455,108.967,Knowledge Element 351,5.288557,7.984063
0,Bonnie,454,77.5408,Knowledge Element 352,-0.70088917,8.529307
0,Bonnie,453,63.0387,Knowledge Element 353,-0.78300506,8.056598
0,Bonnie,452,63.8732,Knowledge Element 354,-0.7410808,7.623484
0,Bonnie,451,72.4761,Knowledge Element 355,-0.6845514,7.5803313
0,Bonnie,450,90.1156,Knowledge Element 356,-0.8279435,7.2650723
0,Bonnie,449,77.9266,Knowledge Element 357,-0.728678,7.1583495
0,Bonnie,448,63.8334,Knowledge Element 358,-0.42874658,6.935497
0,Bonnie,447,57.3175,Knowledge Element 359,-0.6240478,6.101923
0,Bonnie,446,66.4489,Knowledge Element 360,-0.8332009,3.9849567
0,Bonnie,445,72.3726,Knowledge Element 361,-0.5373012,3.8298254
0,Bonnie,444,117.008,Knowledge Element 362,-0.031199936,2.5423675
0,Bonnie,443,119.917,Knowledge Element 363,1.2169393,0.34016585
0,Bonnie,442,127.786,Knowledge Element 364,1.7423066,0.31152344
0,Bonnie,441,136.362,Knowledge Element 365,0.9364655,1.374811
0,Bonnie,440,124.186,Knowledge Element 366,1.4610384,3.6633341
0,Bonnie,439,67.0801,Knowledge Element 367,5.180363,9.285597
0,Bonnie,438,56.0968,Knowledge Element 368,1.9642179,3.5252137
0,Bonnie,437,76.4673,Knowledge Element 369,3.673956,5.7153625
0,Bonnie,436,80.4795,Knowledge Element 370,3.5511346,10.870449
0,Bonnie,435,105.413,Knowledge Element 371,3.2929783,10.773206
0,Bonnie,434,75.959,Knowledge Element 372,1.7214817,3.6948092
0,Bonnie,433,58.2283,Knowledge Element 373,5.7781024,8.540497
0,Bonnie,432,61.4227,Knowledge Element 374,5.1716967,9.389874
0,Bonnie,431,61.9388,Knowledge Element 375,5.1130376,9.123967
0,Bonnie,430,108.182,Knowledge Element 376,3.889894,4.0469112
0,Bonnie,429,159.497,Knowledge Element 377,3.7929263,3.8267791
0,Bonnie,428,76.939,Knowledge Element 378,9.061562,9.096015
0,Bonnie,427,56.9894,Knowledge Element 379,8.899148,9.437975
0,Bonnie,426,54.9286,Knowledge Element 380,9.081346,9.289821
0,Bonnie,425,40.3267,Knowledge Element 381,8.753127,9.3214445
0,Bonnie,424,44.5508,Knowledge Element 382,8.569024,9.358385
0,Bonnie,423,53.6125,Knowledge Element 383,8.684392,9.072966
0,Bonnie,422,84.4153,Knowledge Element 384,9.460862,7.8312345
0,Bonnie,421,49.7255,Knowledge Element 385,9.219019,7.3537164
0,Bonnie,420,43.1772,Knowledge Element 386,8.972192,7.6961966
0,Bonnie,419,63.2784,Knowledge Element 387,9.434666,6.9074225
0,Bonnie,418,50.2857,Knowledge Element 388,9.152172,7.2381077
0,Bonnie,417,47.484,Knowledge Element 389,9.069198,7.28627
0,Bonnie,416,55.571,Knowledge Element 390,9.335291,7.131145
0,Bonnie,415,61.5791,Knowledge Element 391,9.37279,7.332901
0,Bonnie,414,81.2557,Knowledge Element 392,9.256749,8.008603
0,Bonnie,413,97.0092,Knowledge Element 393,7.918249,8.313192
0,Bonnie,412,88.051,Knowledge Element 394,8.026078,8.134046
0,Bonnie,411,140.437,Knowledge Element 395,6.44348,7.7677674
0,Bonnie,410,166.991,Knowledge Element 396,7.8658895,6.4947824
0,Bonnie,411,150.32,Knowledge Element 397,9.160381,6.742283
0,Bonnie,408,77.2019,Knowledge Element 398,7.869515,5.6331916
0,Bonnie,407,66.683,Knowledge Element 399,5.0150776,3.0455363
0,Bonnie,406,60.8864,Knowledge Element 400,4.556657,2.4890575
0,Bonnie,405,81.1703,Knowledge Element 401,2.3442276,1.0081189
0,Bonnie,404,101.695,Knowledge Element 402,0.5514454,2.0045912
0,Bonnie,403,152.537,Knowledge Element 403,-0.20138551,2.8209958
0,Bonnie,402,172.288,Knowledge Element 404,-0.21548164,3.4173357
0,Bonnie,401,143.483,Knowledge Element 405,3.435024,3.8560674
0,Bonnie,400,108.496,Knowledge Element 406,3.3445716,3.6703258
0,Bonnie,399,92.4067,Knowledge Element 407,1.281414,5.016813
0,Bonnie,398,83.6167,Knowledge Element 408,-0.036917783,6.797954
0,Bonnie,397,71.9706,Knowledge Element 409,0.1112672,6.6732044
0,Bonnie,396,70.8444,Knowledge Element 410,0.7778072,7.070451
0,Bonnie,395,72.9566,Knowledge Element 411,0.98355323,7.3052535
0,Bonnie,394,86.2053,Knowledge Element 412,0.8736328,7.224563
0,Bonnie,393,102.304,Knowledge Element 413,0.8632708,7.237322
0,Bonnie,392,120.555,Knowledge Element 414,2.4995527,6.4692225
0,Bonnie,391,158.462,Knowledge Element 415,1.2680802,7.19942
0,Bonnie,390,84.0929,Knowledge Element 416,0.2770959,2.281012
0,Bonnie,389,51.9305,Knowledge Element 417,1.1632261,0.32744992
0,Bonnie,388,51.8019,Knowledge Element 418,1.1851467,0.25728795
0,Bonnie,387,53.706,Knowledge Element 419,2.406782,-0.18241748
0,Bonnie,386,66.459,Knowledge Element 420,2.552002,-0.42233515
0,Bonnie,385,70.8545,Knowledge Element 421,2.2918544,-0.38672733
0,Bonnie,384,67.0177,Knowledge Element 422,2.5898688,-0.35951436
0,Bonnie,383,90.4488,Knowledge Element 423,2.2299225,-0.44055834
0,Bonnie,382,134.173,Knowledge Element 424,2.03981,-0.0996624
0,Bonnie,381,146.272,Knowledge Element 425,1.4046837,1.599704
0,Bonnie,380,127.242,Knowledge Element 426,4.6284137,4.2541194
0,Bonnie,379,94.9987,Knowledge Element 427,5.860375,4.056561
0,Bonnie,378,84.02,Knowledge Element 428,3.1917179,2.4832168
0,Bonnie,377,66.7508,Knowledge Element 429,2.9890628,3.1446521
0,Bonnie,376,51.0757,Knowledge Element 430,4.944851,4.172678
0,Bonnie,375,46.427,Knowledge Element 431,5.2729483,3.9645774
0,Bonnie,374,60.9701,Knowledge Element 432,6.2945995,4.550199
0,Bonnie,373,51.3857,Knowledge Element 433,6.7922444,4.9651318
0,Bonnie,372,42.011,Knowledge Element 434,6.6621814,4.8542457
0,Bonnie,371,48.528,Knowledge Element 435,6.8920317,5.19748
0,Bonnie,370,64.0761,Knowledge Element 436,6.487218,4.712116
0,Bonnie,369,87.9571,Knowledge Element 437,6.9303484,5.0902514
0,Bonnie,368,130.61,Knowledge Element 438,4.864473,2.8845148
0,Bonnie,367,113.53,Knowledge Element 439,3.675142,1.5385458
0,Bonnie,366,101.965,Knowledge Element 440,2.1143007,0.7225644
0,Bonnie,365,130.623,Knowledge Element 441,1.7145872,0.32292977
0,Bonnie,364,131.028,Knowledge Element 442,2.1853797,-0.23972961
0,Bonnie,363,113.64,Knowledge Element 443,2.5703151,0.008928408
0,Bonnie,362,91.4033,Knowledge Element 444,2.5427833,0.17700706
0,Bonnie,361,78.7708,Knowledge Element 445,-0.23600964,2.4010708
0,Bonnie,360,87.0731,Knowledge Element 446,-0.34062117,2.692417
0,Bonnie,359,84.7558,Knowledge Element 447,-0.8863513,3.3785043
0,Bonnie,358,70.318,Knowledge Element 448,-0.84264416,4.573071
0,Bonnie,357,85.9844,Knowledge Element 449,-0.5891439,6.246567
0,Bonnie,356,142.537,Knowledge Element 450,-0.7258513,7.539254
0,Bonnie,355,152.781,Knowledge Element 451,-0.71167254,7.8602705
0,Bonnie,354,120.146,Knowledge Element 452,0.90836084,7.1839666
0,Bonnie,353,127.226,Knowledge Element 453,3.3187563,6.506978
0,Bonnie,352,128.947,Knowledge Element 454,3.6684234,4.7678967
0,Bonnie,351,102.936,Knowledge Element 455,1.1973009,5.0259533
0,Bonnie,350,86.7884,Knowledge Element 456,1.124797,5.709467
0,Bonnie,349,128.366,Knowledge Element 457,3.3688812,5.5287766
0,Bonnie,348,124.247,Knowledge Element 458,5.7268705,8.134569
0,Bonnie,347,164.584,Knowledge Element 459,2.0709796,6.9257536
0,Bonnie,346,97.0188,Knowledge Element 460,4.7425437,3.0006025
0,Bonnie,345,90.861,Knowledge Element 461,4.7107534,2.5690086
0,Bonnie,344,75.6091,Knowledge Element 462,4.020419,1.9948039
0,Bonnie,343,71.6355,Knowledge Element 463,3.7071567,1.9142866
0,Bonnie,342,74.8242,Knowledge Element 464,1.8697802,0.87467235
0,Bonnie,341,92.6686,Knowledge Element 465,1.1083016,1.1790272
0,Bonnie,340,125.505,Knowledge Element 466,0.62126607,1.6856451
0,Bonnie,339,161.7,Knowledge Element 467,3.5706522,3.5997887
0,Bonnie,338,159.357,Knowledge Element 468,4.822809,4.3561244
0,Bonnie,337,112.0,Knowledge Element 469,4.0655656,4.465657
0,Bonnie,336,104.415,Knowledge Element 470,3.7050436,4.938596
0,Bonnie,335,132.228,Knowledge Element 471,5.0415053,4.375537
0,Bonnie,334,135.995,Knowledge Element 472,1.9806312,1.8473606
0,Bonnie,333,135.295,Knowledge Element 473,0.054732487,2.6013367
0,Bonnie,332,110.31,Knowledge Element 474,-0.38984206,3.11776
0,Bonnie,331,88.8835,Knowledge Element 475,-0.5689019,3.8947787
0,Bonnie,330,85.702,Knowledge Element 476,-0.40782514,4.1381207
0,Bonnie,329,84.7676,Knowledge Element 477,-0.30968827,3.9836085
0,Bonnie,328,98.1777,Knowledge Element 478,-0.2417702,5.426891
0,Bonnie,327,113.795,Knowledge Element 479,-0.095668435,7.1390104
0,Bonnie,332,142.279,Knowledge Element 480,-0.64238304,6.4485493
0,Bonnie,327,99.0194,Knowledge Element 481,-0.35580218,7.2599034
0,Bonnie,324,135.711,Knowledge Element 482,-0.42221075,7.4001913
0,Bonnie,323,122.042,Knowledge Element 483,-0.3984525,7.3399906
0,Bonnie,322,125.648,Knowledge Element 484,-0.12397455,6.804249
0,Bonnie,321,122.527,Knowledge Element 485,0.5367641,7.000259
0,Bonnie,320,132.439,Knowledge Element 486,1.0369302,7.30065
0,Bonnie,329,189.301,Knowledge Element 487,2.8174157,7.6158767
0,Bonnie,318,155.679,Knowledge Element 488,4.2155957,6.3106914
0,Bonnie,317,140.321,Knowledge Element 489,4.233135,6.1968894
0,Bonnie,316,80.4202,Knowledge Element 490,2.6774395,0.0059562144
0,Bonnie,315,72.079,Knowledge Element 491,2.946797,-0.65173155
0,Bonnie,314,70.1076,Knowledge Element 492,3.006608,-0.9197975
0,Bonnie,313,69.8981,Knowledge Element 493,2.9230077,-0.8738156
0,Bonnie,312,69.4321,Knowledge Element 494,2.7085578,-0.61741453
0,Bonnie,311,60.2628,Knowledge Element 495,2.8762167,-0.7009355
0,Bonnie,310,62.8832,Knowledge Element 496,2.8751862,-0.7774974
0,Bonnie,309,57.3506,Knowledge Element 497,2.9040186,-0.7069221
0,Bonnie,308,72.2585,Knowledge Element 498,2.8756447,-0.7772449
0,Bonnie,307,88.8309,Knowledge Element 499,2.7203596,-0.66036904
0,Bonnie,306,91.0065,Knowledge Element 500,2.809802,0.014225823
0,Bonnie,305,100.238,Knowledge Element 501,3.137488,0.47812948
0,Bonnie,304,87.4913,Knowledge Element 502,3.083829,0.3786434
0,Bonnie,303,74.8939,Knowledge Element 503,8.064616,8.284271
0,Bonnie,302,87.9045,Knowledge Element 504,2.5120058,11.556582
0,Bonnie,301,82.6089,Knowledge Element 505,2.2008061,12.014616
0,Bonnie,300,92.3848,Knowledge Element 506,2.0859137,12.226091
0,Bonnie,299,103.766,Knowledge Element 507,2.520281,11.447809
0,Bonnie,298,95.1736,Knowledge Element 508,6.5287786,8.919449
0,Bonnie,297,83.9029,Knowledge Element 509,5.6015162,11.100484
0,Bonnie,296,71.6663,Knowledge Element 510,7.800847,8.451657
0,Bonnie,295,69.6876,Knowledge Element 511,7.7717495,8.341864
0,Bonnie,294,67.2337,Knowledge Element 512,7.0149207,8.747316
0,Bonnie,293,55.2549,Knowledge Element 513,4.2120504,10.685948
0,Bonnie,292,68.5391,Knowledge Element 514,3.8680885,10.8836565
0,Bonnie,291,61.1657,Knowledge Element 515,5.1080112,10.949019
0,Bonnie,290,70.1958,Knowledge Element 516,7.108085,9.388295
0,Bonnie,289,72.4087,Knowledge Element 517,7.2229614,10.1353445
0,Bonnie,288,76.4677,Knowledge Element 518,4.7011476,9.675282
0,Bonnie,287,78.2592,Knowledge Element 519,4.967882,9.603909
0,Bonnie,286,58.9175,Knowledge Element 520,5.7849007,10.027876
0,Bonnie,285,56.0708,Knowledge Element 521,5.3413777,10.781034
0,Bonnie,284,62.7768,Knowledge Element 522,6.096159,8.464466
0,Bonnie,283,69.5592,Knowledge Element 523,5.2019973,7.9493923
0,Bonnie,282,59.0978,Knowledge Element 524,4.0884867,10.705941
0,Bonnie,281,51.896,Knowledge Element 525,5.605831,10.375011
0,Bonnie,280,190.701,Knowledge Element 526,-0.2620885,10.208936
0,Bonnie,279,158.471,Knowledge Element 527,3.053847,7.2287745
0,Bonnie,278,182.303,Knowledge Element 528,4.8597836,7.854127
0,Bonnie,277,101.796,Knowledge Element 529,0.8798143,7.36949
0,Bonnie,276,76.8633,Knowledge Element 530,-0.3876301,7.5002747
0,Bonnie,275,89.4577,Knowledge Element 531,-0.37289727,6.436467
0,Bonnie,274,86.2773,Knowledge Element 532,0.20409937,6.485632
0,Bonnie,273,77.6014,Knowledge Element 533,0.7427246,6.676798
0,Bonnie,272,82.5151,Knowledge Element 534,-0.43832493,5.933624
0,Bonnie,271,75.7299,Knowledge Element 535,0.07606451,6.472562
0,Bonnie,270,62.5113,Knowledge Element 536,0.62359893,6.556143
0,Bonnie,269,67.1444,Knowledge Element 537,-0.38735205,6.0763955
0,Bonnie,268,73.4962,Knowledge Element 538,-0.021545451,5.3194537
0,Bonnie,267,65.0994,Knowledge Element 539,0.49072343,5.1312346
0,Bonnie,266,57.3864,Knowledge Element 540,0.9564361,5.10409
0,Bonnie,265,76.4834,Knowledge Element 541,0.3234139,5.3464675
0,Bonnie,264,83.2795,Knowledge Element 542,0.7194586,5.361048
0,Bonnie,263,65.4745,Knowledge Element 543,1.1326321,5.021554
0,Bonnie,262,75.3947,Knowledge Element 544,1.3517028,4.797195
0,Bonnie,261,91.0864,Knowledge Element 545,2.796096,3.8889415
0,Bonnie,260,104.096,Knowledge Element 546,2.5728574,3.7718785
0,Bonnie,259,108.138,Knowledge Element 547,1.3145895,4.0351357
0,Bonnie,258,77.2496,Knowledge Element 548,1.4063698,4.170182
0,Bonnie,257,76.0847,Knowledge Element 549,1.4741116,3.5365627
0,Bonnie,256,78.4902,Knowledge Element 550,3.0667098,3.0111902
0,Bonnie,255,77.7852,Knowledge Element 551,2.5463924,1.9404942
0,Bonnie,254,84.1612,Knowledge Element 552,0.95631003,1.9499416
0,Bonnie,253,67.4866,Knowledge Element 553,0.8708363,3.4175296
0,Bonnie,252,60.5477,Knowledge Element 554,1.2493107,3.2316968
0,Bonnie,251,85.4685,Knowledge Element 555,0.7556321,2.1995685
0,Bonnie,250,70.7106,Knowledge Element 556,0.16618957,3.330237
0,Bonnie,249,74.5074,Knowledge Element 557,0.91848016,2.812758
0,Bonnie,248,59.8438,Knowledge Element 558,0.38018042,3.3276753
0,Bonnie,247,60.0328,Knowledge Element 559,0.7095386,3.4024944
0,Bonnie,246,72.9402,Knowledge Element 560,0.9252344,3.1183136
0,Bonnie,245,78.5202,Knowledge Element 561,1.7418936,3.6399555
0,Bonnie,244,82.209,Knowledge Element 562,0.27079085,3.5155175
0,Bonnie,243,87.1324,Knowledge Element 563,0.011630202,3.7098305
0,Bonnie,242,81.0883,Knowledge Element 564,1.3920009,3.839452
0,Bonnie,241,56.7441,Knowledge Element 565,0.8541218,4.3092694
0,Bonnie,240,89.1256,Knowledge Element 566,1.0337287,4.208949
0,Bonnie,242,160.038,Knowledge Element 567,2.1007745,4.032436
0,Bonnie,417,197.577,Knowledge Element 568,1.6820261,3.9729364
0,Bonnie,237,100.884,Knowledge Element 569,1.7328666,6.5612864
0,Bonnie,236,96.706,Knowledge Element 570,2.9522772,6.0360827
0,Bonnie,235,105.371,Knowledge Element 571,3.2840886,5.8524528
0,Bonnie,234,75.3372,Knowledge Element 572,3.3653495,5.816181
0,Bonnie,233,63.3448,Knowledge Element 573,4.2285194,5.1716127
0,Bonnie,232,95.7788,Knowledge Element 574,1.8519531,6.676457
0,Bonnie,231,80.25,Knowledge Element 575,3.0813904,6.0967073
0,Bonnie,230,85.5373,Knowledge Element 576,3.6486595,6.089652
0,Bonnie,229,77.989,Knowledge Element 577,2.9159293,6.32701
0,Bonnie,228,90.4762,Knowledge Element 578,4.2650204,4.684483
0,Bonnie,227,81.0571,Knowledge Element 579,3.0070252,6.393707
0,Bonnie,226,57.1883,Knowledge Element 580,3.8679314,6.270921
0,Bonnie,225,50.0689,Knowledge Element 581,3.9020047,5.5697064
0,Bonnie,224,83.5244,Knowledge Element 582,3.7523909,5.774141
0,Bonnie,223,119.083,Knowledge Element 583,3.5057316,5.8882666
0,Bonnie,234,140.206,Knowledge Element 584,3.841332,5.3840218
0,Bonnie,221,94.5318,Knowledge Element 585,3.636491,6.194704
0,Bonnie,420,209.666,Knowledge Element 586,4.088336,6.3868074
0,Bonnie,454,244.242,Knowledge Element 587,4.1179824,5.6542134
0,Bonnie,424,248.614,Knowledge Element 588,5.2303896,4.3750877
0,Bonnie,362,222.637,Knowledge Element 589,4.455581,5.033354
0,Bonnie,225,131.018,Knowledge Element 590,-0.011162641,2.4697647
0,Bonnie,219,133.48,Knowledge Element 591,-0.5244841,3.0133202
0,Bonnie,214,110.221,Knowledge Element 592,-0.69877857,3.1956754
0,Bonnie,216,136.237,Knowledge Element 593,-0.510712,3.6496341
0,Bonnie,219,167.884,Knowledge Element 594,0.6269403,4.7231436
0,Bonnie,384,199.12,Knowledge Element 595,0.88051707,5.0955443
0,Bonnie,210,140.769,Knowledge Element 596,1.1267747,6.0372005
0,Bonnie,229,183.656,Knowledge Element 597,1.081758,6.3188252
0,Bonnie,250,173.118,Knowledge Element 598,1.3177078,4.3361516
0,Bonnie,264,184.829,Knowledge Element 599,0.76998943,4.82163
0,Bonnie,523,223.065,Knowledge Element 600,1.3494136,1.972303
0,Bonnie,379,216.397,Knowledge Element 601,3.8000135,3.30554
0,Bonnie,204,134.364,Knowledge Element 602,3.784696,3.4059803
0,Bonnie,203,96.0777,Knowledge Element 603,4.848242,2.9390705
0,Bonnie,202,100.384,Knowledge Element 604,4.6220737,2.7911644
0,Bonnie,201,98.0266,Knowledge Element 605,5.423922,3.4792106
0,Bonnie,200,101.77,Knowledge Element 606,6.6497235,4.8056154
0,Bonnie,199,139.31,Knowledge Element 607,6.013514,4.483833
0,Bonnie,199,146.352,Knowledge Element 608,5.891553,4.4815354
0,Bonnie,200,159.05,Knowledge Element 609,7.3187428,7.2724853
0,Bonnie,198,156.048,Knowledge Element 610,6.1620293,9.44789
0,Bonnie,327,188.68,Knowledge Element 611,7.085539,6.9086847
0,Bonnie,525,219.195,Knowledge Element 612,6.1745725,7.3497996
0,Bonnie,193,124.209,Knowledge Element 613,8.4276495,9.062852
0,Bonnie,192,117.018,Knowledge Element 614,7.297618,7.460547
0,Bonnie,191,88.4249,Knowledge Element 615,8.492476,8.285132
0,Bonnie,190,56.9137,Knowledge Element 616,5.4171133,9.025743
0,Bonnie,189,56.8339,Knowledge Element 617,6.3792915,9.17615
0,Bonnie,188,103.183,Knowledge Element 618,7.734673,7.5980277
0,Bonnie,187,121.87,Knowledge Element 619,7.4846787,9.016405
0,Bonnie,186,107.253,Knowledge Element 620,5.498275,10.204949
0,Bonnie,185,82.7821,Knowledge Element 621,5.6552753,11.285672
0,Bonnie,184,88.3891,Knowledge Element 622,5.2886453,11.211068
0,Bonnie,183,100.568,Knowledge Element 623,6.465275,10.294548
1,Eric,182,161.397,Knowledge Element 624,10.528882,7.991523
1,Eric,181,155.74,Knowledge Element 625,10.016663,8.279131
1,Eric,180,139.077,Knowledge Element 626,9.746877,8.361459
1,Eric,179,140.489,Knowledge Element 627,8.332325,8.130741
1,Eric,178,141.997,Knowledge Element 628,6.823755,8.643297
1,Eric,177,170.091,Knowledge Element 629,6.802311,7.055904
1,Eric,177,169.54,Knowledge Element 630,10.246677,7.8254123
1,Eric,175,145.084,Knowledge Element 631,10.604836,7.877755
1,Eric,174,118.147,Knowledge Element 632,10.314658,8.310629
1,Eric,173,123.515,Knowledge Element 633,10.337038,8.2827425
1,Eric,172,118.351,Knowledge Element 634,10.210435,8.330439
1,Eric,171,108.638,Knowledge Element 635,10.140562,8.514546
1,Eric,195,188.045,Knowledge Element 636,9.078963,9.817835
1,Eric,199,246.79,Knowledge Element 637,7.8820724,11.00885
1,Eric,190,251.067,Knowledge Element 638,9.465066,9.28535
1,Eric,188,224.394,Knowledge Element 639,10.376268,8.210053
1,Eric,181,179.007,Knowledge Element 640,8.521925,8.723993
1,Eric,169,130.551,Knowledge Element 641,7.6355643,8.385584
1,Eric,168,140.02,Knowledge Element 642,8.468283,8.48309
1,Eric,166,115.357,Knowledge Element 643,8.664567,8.51951
1,Eric,163,119.468,Knowledge Element 644,8.0404005,9.661459
1,Eric,162,91.534,Knowledge Element 645,9.09914,8.419728
1,Eric,161,103.225,Knowledge Element 646,8.787718,8.253476
1,Eric,160,112.68,Knowledge Element 647,7.901968,9.701313
1,Eric,159,128.023,Knowledge Element 648,7.9623294,8.319143
1,Eric,158,100.13,Knowledge Element 649,8.367218,8.572352
1,Eric,157,153.766,Knowledge Element 650,7.892978,10.05625
1,Eric,156,161.089,Knowledge Element 651,8.143842,8.983524
1,Eric,155,146.503,Knowledge Element 652,9.311382,9.014521
1,Eric,154,137.499,Knowledge Element 653,7.7306256,6.782908
1,Eric,153,110.359,Knowledge Element 654,6.9911113,7.592037
1,Eric,152,141.02,Knowledge Element 655,6.219694,6.7403793
1,Eric,153,126.131,Knowledge Element 656,6.658328,10.137833
1,Eric,151,98.5551,Knowledge Element 657,7.34179,11.195782
1,Eric,149,69.8413,Knowledge Element 658,8.684364,10.182653
1,Eric,148,79.9193,Knowledge Element 659,8.05348,10.736441
1,Eric,147,102.819,Knowledge Element 660,7.444397,11.255518
1,Eric,146,122.517,Knowledge Element 661,7.762891,11.119814
1,Eric,145,116.675,Knowledge Element 662,7.4109583,11.34184
1,Eric,144,133.263,Knowledge Element 663,7.0009537,11.328658
1,Eric,143,133.204,Knowledge Element 664,6.0831885,9.712457
1,Eric,142,100.355,Knowledge Element 665,7.2968574,10.612991
1,Eric,141,100.38,Knowledge Element 666,7.8072643,10.984319
1,Eric,140,101.254,Knowledge Element 667,7.825433,10.864482
1,Eric,139,145.109,Knowledge Element 668,7.909797,11.009663
1,Eric,146,205.918,Knowledge Element 669,6.9965963,11.329412
1,Eric,141,166.834,Knowledge Element 670,8.359612,10.531738
1,Eric,139,135.944,Knowledge Element 671,7.4896564,11.107709
1,Eric,138,101.093,Knowledge Element 672,6.0877037,11.5267515
1,Eric,135,106.176,Knowledge Element 673,-0.0034983482,9.827697
1,Eric,133,89.7317,Knowledge Element 674,-0.31736097,9.87886
1,Eric,132,97.7646,Knowledge Element 675,-0.438491,10.332126
1,Eric,131,91.8966,Knowledge Element 676,0.022806035,10.583886
1,Eric,130,82.1173,Knowledge Element 677,0.56802714,11.032215
1,Eric,129,63.368,Knowledge Element 678,0.6081058,11.061964
1,Eric,128,74.6134,Knowledge Element 679,0.3868599,10.893476
1,Eric,127,88.9825,Knowledge Element 680,0.2272474,10.827469
1,Eric,126,95.416,Knowledge Element 681,-0.02025642,10.664676
1,Eric,125,102.281,Knowledge Element 682,-0.123379566,10.581442
1,Eric,126,103.966,Knowledge Element 683,0.15352337,9.956149
1,Eric,126,112.896,Knowledge Element 684,6.035851,11.251651
1,Eric,123,100.289,Knowledge Element 685,5.8800635,11.379621
1,Eric,164,170.899,Knowledge Element 686,7.4352674,10.152742
1,Eric,188,232.185,Knowledge Element 687,9.63485,8.814853
1,Eric,170,200.334,Knowledge Element 688,6.962785,11.187647
1,Eric,120,151.46,Knowledge Element 689,4.8113165,8.6753645
1,Eric,118,153.086,Knowledge Element 690,6.891957,11.361505
1,Eric,117,165.488,Knowledge Element 691,4.787029,8.801737
1,Eric,292,282.74,Knowledge Element 692,7.379186,11.092565
1,Eric,239,309.72,Knowledge Element 693,4.703535,9.000432
1,Eric,116,202.905,Knowledge Element 694,-0.07891542,10.622795
1,Eric,116,144.446,Knowledge Element 695,0.16263354,9.950957
1,Eric,113,112.538,Knowledge Element 696,5.885476,11.185175
1,Eric,111,102.191,Knowledge Element 697,6.075816,11.158459
1,Eric,110,122.02,Knowledge Element 698,6.1687474,10.165778
1,Eric,109,121.005,Knowledge Element 699,6.572406,10.912732
1,Eric,108,170.577,Knowledge Element 700,5.4598856,9.419685
1,Eric,133,185.299,Knowledge Element 701,10.148929,8.381448
1,Eric,112,131.592,Knowledge Element 702,8.9659605,9.599375
1,Eric,114,127.333,Knowledge Element 703,8.292712,10.588839
1,Eric,104,115.669,Knowledge Element 704,7.5580363,11.06344
1,Eric,103,122.186,Knowledge Element 705,6.9894567,11.011965
1,Eric,128,165.777,Knowledge Element 706,6.955858,11.042563
1,Eric,191,218.877,Knowledge Element 707,8.276732,10.066967
1,Eric,107,170.862,Knowledge Element 708,9.755897,8.701549
1,Eric,105,144.916,Knowledge Element 709,10.701706,7.805662
1,Eric,107,116.851,Knowledge Element 710,10.50093,7.8104134
1,Eric,97,160.925,Knowledge Element 711,6.0247006,11.437977
1,Eric,117,218.808,Knowledge Element 712,7.2986436,11.13989
1,Eric,200,259.343,Knowledge Element 713,8.468493,10.157259
1,Eric,186,253.468,Knowledge Element 714,6.518745,11.273632
1,Eric,115,229.148,Knowledge Element 715,6.421151,11.162824
1,Eric,109,231.739,Knowledge Element 716,7.056295,10.059848
1,Eric,112,228.124,Knowledge Element 717,8.092716,6.632462
1,Eric,92,105.059,Knowledge Element 718,3.942037,2.06433
1,Eric,90,122.472,Knowledge Element 719,4.545597,2.3533254
1,Eric,88,115.087,Knowledge Element 720,4.578821,2.509302
1,Eric,87,110.191,Knowledge Element 721,2.6844056,-0.19246604
1,Eric,87,162.092,Knowledge Element 722,2.6435013,-0.010752229
1,Eric,88,214.366,Knowledge Element 723,3.0012717,0.33965033
1,Eric,101,219.717,Knowledge Element 724,2.854611,0.67070436
1,Eric,96,191.23,Knowledge Element 725,-0.46475923,2.5518696
1,Eric,87,157.534,Knowledge Element 726,-0.9246383,3.0288892
1,Eric,82,143.272,Knowledge Element 727,3.7003548,10.938411
1,Eric,141,250.791,Knowledge Element 728,2.0940788,7.253443
1,Eric,131,210.126,Knowledge Element 729,7.4199104,6.7787437
1,Eric,96,155.92,Knowledge Element 730,6.5813293,7.2177505
1,Eric,77,98.7739,Knowledge Element 731,8.204735,9.588409
1,Eric,76,64.018,Knowledge Element 732,7.831976,9.983505
2,Jon,87,115.785,Knowledge Element 733,8.249352,7.9228883
2,Jon,90,174.789,Knowledge Element 734,9.074913,7.2740536
2,Jon,174,192.964,Knowledge Element 735,9.000461,6.7252784
2,Jon,72,122.012,Knowledge Element 736,9.966443,6.689972
2,Jon,140,224.064,Knowledge Element 737,9.863661,6.6322336
2,Jon,199,212.244,Knowledge Element 738,8.114227,7.793533
2,Jon,146,162.851,Knowledge Element 739,3.4621677,3.1246142
2,Jon,70,129.237,Knowledge Element 740,8.1388445,8.374689
2,Jon,78,197.445,Knowledge Element 741,10.536424,7.722956
2,Jon,74,227.542,Knowledge Element 742,9.989184,8.421594
2,Jon,66,193.542,Knowledge Element 743,8.181118,9.911965
2,Jon,65,165.753,Knowledge Element 744,7.208749,7.5485325
2,Jon,68,151.44,Knowledge Element 745,9.2083435,7.527313
2,Jon,64,92.5844,Knowledge Element 746,8.769733,7.4800453
2,Jon,63,103.719,Knowledge Element 747,7.565286,8.446055
2,Jon,73,179.623,Knowledge Element 748,2.2251487,11.664573
2,Jon,259,248.016,Knowledge Element 749,1.2265419,2.2480726
2,Jon,439,290.342,Knowledge Element 750,7.2616534,8.571427
2,Jon,60,90.0528,Knowledge Element 751,8.816823,8.444906
2,Jon,68,162.651,Knowledge Element 752,10.334268,7.7501435
2,Jon,86,173.022,Knowledge Element 753,10.34115,8.203401
2,Jon,398,243.499,Knowledge Element 754,10.518099,8.122225
2,Jon,134,238.417,Knowledge Element 755,7.391905,9.004265
2,Jon,66,150.786,Knowledge Element 756,7.3429117,6.6707296
2,Jon,58,135.842,Knowledge Element 757,8.205884,7.8680644
2,Jon,451,297.021,Knowledge Element 758,4.3435397,10.261265
2,Jon,78,164.505,Knowledge Element 759,9.5526,6.9897776
2,Jon,192,190.514,Knowledge Element 760,9.8468,6.468818
2,Jon,55,128.59,Knowledge Element 761,8.973245,6.200523
2,Jon,214,207.905,Knowledge Element 762,9.040761,6.033798
2,Jon,381,280.838,Knowledge Element 763,9.600225,6.3979683
2,Jon,290,298.6,Knowledge Element 764,3.7869327,10.858143
2,Jon,197,232.301,Knowledge Element 765,4.1957307,10.813196
2,Jon,172,252.453,Knowledge Element 766,5.6407332,7.7323084
2,Jon,280,296.178,Knowledge Element 767,7.035957,5.52731
2,Jon,70,194.182,Knowledge Element 768,9.921277,8.706323
2,Jon,74,151.679,Knowledge Element 769,8.794718,9.772508
2,Jon,294,237.043,Knowledge Element 770,8.476446,9.776564
2,Jon,200,246.205,Knowledge Element 771,5.0819454,3.6506886
2,Jon,48,117.711,Knowledge Element 772,2.83726,-0.32347026
2,Jon,142,225.035,Knowledge Element 773,3.9998987,4.6365075
2,Jon,122,216.535,Knowledge Element 774,9.387172,7.1084905
2,Jon,189,230.988,Knowledge Element 775,10.251369,7.481737
2,Jon,66,208.986,Knowledge Element 776,8.7451,6.889119
2,Jon,256,249.389,Knowledge Element 777,9.277247,7.082778
2,Jon,329,280.745,Knowledge Element 778,4.6822696,5.9349775
2,Jon,354,286.004,Knowledge Element 779,7.011952,5.5966144
2,Jon,283,276.487,Knowledge Element 780,8.551748,8.467513
2,Jon,200,208.798,Knowledge Element 781,9.147004,6.081797
2,Jon,211,191.507,Knowledge Element 782,9.893152,6.5365024
2,Jon,465,292.117,Knowledge Element 783,9.837806,6.5349755
2,Jon,41,152.376,Knowledge Element 784,10.527205,7.8188105
2,Jon,39,146.906,Knowledge Element 785,9.208685,7.6476727
2,Jon,37,172.504,Knowledge Element 786,8.881769,8.928114
2,Jon,37,136.607,Knowledge Element 787,3.61304,2.9826589
2,Jon,72,207.066,Knowledge Element 788,9.395216,7.2302485
2,Jon,66,209.658,Knowledge Element 789,8.910163,7.0059495
2,Jon,31,169.784,Knowledge Element 790,5.5849032,11.387928
2,Jon,30,152.8,Knowledge Element 791,6.593959,11.115025
2,Jon,242,251.549,Knowledge Element 792,3.0851018,0.25427392
2,Jon,139,243.564,Knowledge Element 793,5.9749174,9.795938
2,Jon,238,280.475,Knowledge Element 794,0.5057152,7.9988413
2,Jon,338,310.481,Knowledge Element 795,2.6008394,7.6302667
2,Jon,315,248.104,Knowledge Element 796,10.150676,7.044261
2,Jon,29,141.699,Knowledge Element 797,8.42869,6.2548714
2,Jon,122,213.949,Knowledge Element 798,8.348822,7.547242
2,Jon,55,196.566,Knowledge Element 799,3.1656852,10.863258
2,Jon,550,255.613,Knowledge Element 800,9.757376,6.4678826
2,Jon,181,218.862,Knowledge Element 801,8.388829,6.022538
2,Jon,121,213.421,Knowledge Element 802,9.703828,6.674814
2,Jon,331,270.65,Knowledge Element 803,2.7310078,-0.4968126
2,Jon,466,336.29,Knowledge Element 804,-0.21244876,4.2764015
2,Jon,671,253.914,Knowledge Element 805,8.666052,5.951012
2,Jon,305,269.262,Knowledge Element 806,8.268269,6.100603
2,Jon,35,152.482,Knowledge Element 807,7.74727,6.3714867
2,Jon,366,300.286,Knowledge Element 808,7.059271,7.3512597
2,Jon,98,191.321,Knowledge Element 809,7.6231146,5.8664837
2,Jon,355,318.136,Knowledge Element 810,9.224026,6.155213
2,Jon,174,281.478,Knowledge Element 811,0.68737984,2.4244814
2,Jon,223,225.662,Knowledge Element 812,4.4591584,2.9416738
2,Jon,231,205.528,Knowledge Element 813,4.2846403,2.8824723
2,Jon,82,175.573,Knowledge Element 814,3.014566,3.7455623
2,Jon,281,228.881,Knowledge Element 815,5.517522,3.6717386
2,Jon,359,290.403,Knowledge Element 816,6.213073,6.7991443
2,Jon,171,247.036,Knowledge Element 817,1.982262,6.663703
2,Jon,8,124.427,Knowledge Element 818,0.38218263,7.4820333
2,Jon,7,130.71,Knowledge Element 819,1.4443169,6.5875707
2,Jon,6,144.579,Knowledge Element 820,2.7620814,11.096873
2,Jon,5,119.022,Knowledge Element 821,9.253406,8.884313
2,Jon,4,136.432,Knowledge Element 822,7.7131433,7.808769
2,Jon,36,242.159,Knowledge Element 823,3.703562,3.2681077
