name,description,category,influenceDistance,pct,x,y
Knowledge Element 1,Bonnie,0,133.152,0.9983948635634029,9.318718,-0.33211136
Knowledge Element 2,Bonnie,0,181.442,1.0,7.586109,1.3219509
Knowledge Element 3,Bonnie,0,47.0505,0.9967897271268058,8.606945,1.6512356
Knowledge Element 4,Bonnie,0,13.4032,0.9951845906902087,8.682373,-2.1360645
Knowledge Element 5,Bonnie,0,8.30969,0.9935794542536116,8.27972,-1.8090324
Knowledge Element 6,Bonnie,0,10.8402,0.9919743178170144,8.440983,-2.066761
Knowledge Element 7,Bonnie,0,12.5625,0.9903691813804173,9.521549,-2.5281792
Knowledge Element 8,Bonnie,0,15.2097,0.9887640449438202,7.8391876,-1.2222767
Knowledge Element 9,Bonnie,0,10.3379,0.9871589085072231,7.3450317,-0.8882618
Knowledge Element 10,Bonnie,0,8.15479,0.985553772070626,7.6216125,-0.6800728
Knowledge Element 11,Bonnie,0,8.92634,0.9839486356340289,7.941334,-0.31241035
Knowledge Element 12,Bonnie,0,13.1973,0.9823434991974318,8.610737,0.1000824
Knowledge Element 13,Bonnie,0,20.6405,0.9807383627608347,9.645687,-0.6274872
Knowledge Element 14,Bonnie,0,14.5392,0.9791332263242376,7.8130226,-1.4275932
Knowledge Element 15,Bonnie,0,13.8648,0.9775280898876404,8.589382,-1.8439293
Knowledge Element 16,Bonnie,0,20.4916,0.9759229534510433,9.386002,-2.261467
Knowledge Element 17,Bonnie,0,26.797,0.9743178170144462,9.572952,-2.5441399
Knowledge Element 18,Bonnie,0,43.7849,0.9727126805778491,8.957615,1.954998
Knowledge Element 19,Bonnie,0,39.9572,0.971107544141252,7.0528145,0.67274857
Knowledge Element 20,Bonnie,0,26.1769,0.9695024077046549,7.908024,-2.8477688
Knowledge Element 21,Bonnie,0,22.7727,0.9678972712680578,7.2944756,-4.0475235
Knowledge Element 22,Bonnie,0,14.3334,0.9662921348314607,7.4043007,-3.9515476
Knowledge Element 23,Bonnie,0,19.3269,0.9646869983948636,8.687843,-3.0185032
Knowledge Element 24,Bonnie,0,19.8822,0.9630818619582665,8.465729,-1.9622192
Knowledge Element 25,Bonnie,0,23.0062,0.9614767255216693,7.6782074,-2.660921
Knowledge Element 26,Bonnie,0,21.7389,0.9598715890850722,7.6185913,-0.34248734
Knowledge Element 27,Bonnie,0,26.3533,0.9582664526484751,8.854797,0.20983696
Knowledge Element 28,Bonnie,0,25.8412,0.956661316211878,9.857929,-0.24775314
Knowledge Element 29,Bonnie,0,25.5013,0.9550561797752809,7.35812,-2.8799706
Knowledge Element 30,Bonnie,0,19.4309,0.9534510433386838,8.58152,-2.4754925
Knowledge Element 31,Bonnie,0,17.7399,0.9518459069020867,9.259651,-0.95819664
Knowledge Element 32,Bonnie,0,16.6862,0.9502407704654896,9.1763115,-1.8588524
Knowledge Element 33,Bonnie,0,21.2317,0.9486356340288925,6.8862686,-1.7129841
Knowledge Element 34,Bonnie,0,17.5648,0.9470304975922953,7.7045174,-0.26411057
Knowledge Element 35,Bonnie,0,20.8131,0.9454253611556982,9.670898,-0.24359703
Knowledge Element 36,Bonnie,0,27.5222,0.9438202247191011,7.762821,-2.6849098
Knowledge Element 37,Bonnie,0,22.2158,0.942215088282504,7.590851,-2.12702
Knowledge Element 38,Bonnie,0,40.5893,0.9406099518459069,8.10741,-3.2074394
Knowledge Element 39,Bonnie,0,32.1389,0.9390048154093098,8.317215,-2.6462612
Knowledge Element 40,Bonnie,0,25.6573,0.9373996789727127,9.107891,-0.64967346
Knowledge Element 41,Bonnie,0,29.9499,0.9357945425361156,8.443119,-0.1762867
Knowledge Element 42,Bonnie,0,34.0641,0.9341894060995185,7.8547554,-2.456007
Knowledge Element 43,Bonnie,0,37.1561,0.9325842696629213,7.459511,-3.7948418
Knowledge Element 44,Bonnie,0,32.5221,0.9309791332263242,8.172123,-3.168417
Knowledge Element 45,Bonnie,0,32.1434,0.9293739967897271,8.89344,-2.7620087
Knowledge Element 46,Bonnie,0,34.3905,0.92776886035313,8.596199,-0.73308754
Knowledge Element 47,Bonnie,0,42.2816,0.9261637239165329,9.834587,0.50507927
Knowledge Element 48,Bonnie,0,62.768,0.9245585874799358,9.099186,0.2925663
Knowledge Element 49,Bonnie,0,65.2279,0.9229534510433387,7.5358734,-1.3867035
Knowledge Element 50,Bonnie,0,53.7063,0.9213483146067416,9.968803,-0.54761696
Knowledge Element 51,Bonnie,0,39.7183,0.9197431781701445,7.850731,-3.0451145
Knowledge Element 52,Bonnie,0,32.4495,0.9181380417335474,8.887611,3.87286
Knowledge Element 53,Bonnie,0,26.9851,0.9165329052969502,8.547546,-1.1631413
Knowledge Element 54,Bonnie,0,28.0116,0.9149277688603531,8.137138,-0.5003948
Knowledge Element 55,Bonnie,0,36.1839,0.913322632423756,7.632229,-0.4269352
Knowledge Element 56,Bonnie,0,45.5473,0.9117174959871589,9.634613,-0.06730461
Knowledge Element 57,Bonnie,0,54.1489,0.9101123595505618,8.07008,-2.807724
Knowledge Element 58,Bonnie,0,42.9439,0.9085072231139647,7.600498,-2.444437
Knowledge Element 59,Bonnie,0,68.1122,0.9069020866773676,-2.9442654,-6.563218
Knowledge Element 60,Bonnie,0,25.5668,0.9052969502407705,-2.7316055,-6.7565756
Knowledge Element 61,Bonnie,0,27.0931,0.9036918138041734,-2.304493,-7.041646
Knowledge Element 62,Bonnie,0,30.2452,0.9020866773675762,-2.5452232,-6.9304705
Knowledge Element 63,Bonnie,0,38.8222,0.9004815409309791,-2.5206757,-6.872614
Knowledge Element 64,Bonnie,0,35.0979,0.898876404494382,-2.4517517,-7.014573
Knowledge Element 65,Bonnie,0,30.7027,0.8972712680577849,-2.22093,-6.9572287
Knowledge Element 66,Bonnie,0,21.688,0.8956661316211878,-2.0861397,-6.901946
Knowledge Element 67,Bonnie,0,17.6503,0.8940609951845907,-2.2352848,-6.9726915
Knowledge Element 68,Bonnie,0,17.9878,0.8924558587479936,-2.1845436,-6.8876495
Knowledge Element 69,Bonnie,0,19.959,0.8908507223113965,-2.209015,-6.887212
Knowledge Element 70,Bonnie,0,26.902,0.8892455858747994,-2.1869678,-6.833272
Knowledge Element 71,Bonnie,0,28.84,0.8876404494382022,-1.736248,-6.4601
Knowledge Element 72,Bonnie,0,30.579,0.8860353130016051,-1.5828762,-6.536088
Knowledge Element 73,Bonnie,0,31.0836,0.884430176565008,-1.4600143,-6.509413
Knowledge Element 74,Bonnie,0,37.3518,0.8828250401284109,-1.2220249,-6.476159
Knowledge Element 75,Bonnie,0,31.8518,0.8812199036918138,-1.599268,-6.38908
Knowledge Element 76,Bonnie,0,21.4572,0.8796147672552167,-1.8066959,-6.00082
Knowledge Element 77,Bonnie,0,16.3872,0.8780096308186196,-1.8219471,-5.9169254
Knowledge Element 78,Bonnie,0,23.7033,0.8764044943820225,-1.5738297,-5.82864
Knowledge Element 79,Bonnie,0,33.2408,0.8747993579454254,-1.6038437,-5.7789955
Knowledge Element 80,Bonnie,0,38.4723,0.8731942215088283,-2.1130447,-5.190174
Knowledge Element 81,Bonnie,0,39.3615,0.8715890850722311,-2.499813,-5.372595
Knowledge Element 82,Bonnie,0,32.2364,0.869983948635634,-2.983118,-5.9158144
Knowledge Element 83,Bonnie,0,30.5345,0.8683788121990369,-3.1316624,-5.890934
Knowledge Element 84,Bonnie,0,27.0194,0.8667736757624398,-3.208044,-5.88653
Knowledge Element 85,Bonnie,0,25.5759,0.8651685393258427,-3.116888,-5.8836823
Knowledge Element 86,Bonnie,0,31.1151,0.8635634028892456,-3.2348022,-5.8607006
Knowledge Element 87,Bonnie,0,38.1478,0.8619582664526485,-3.3647137,-5.7758684
Knowledge Element 88,Bonnie,0,83.8137,0.8603531300160514,-2.873558,7.8128185
Knowledge Element 89,Bonnie,0,43.1435,0.8587479935794543,-3.0102406,7.8180103
Knowledge Element 90,Bonnie,0,34.8553,0.8571428571428571,-3.136156,7.7975636
Knowledge Element 91,Bonnie,0,31.6417,0.85553772070626,-3.183218,7.884783
Knowledge Element 92,Bonnie,0,46.3166,0.8539325842696629,-3.2188015,7.9704742
Knowledge Element 93,Bonnie,0,52.107,0.8523274478330658,-3.2925987,8.024042
Knowledge Element 94,Bonnie,0,48.5221,0.8507223113964687,-3.0314102,7.846966
Knowledge Element 95,Bonnie,0,32.193,0.8491171749598716,-2.9865112,7.7035007
Knowledge Element 96,Bonnie,0,28.4625,0.8475120385232745,-3.1839275,7.938389
Knowledge Element 97,Bonnie,0,28.2689,0.8459069020866774,-3.0676537,7.951929
Knowledge Element 98,Bonnie,0,27.8951,0.8443017656500803,-3.0386086,7.7712955
Knowledge Element 99,Bonnie,0,27.5407,0.8426966292134831,-3.1221886,7.8891773
Knowledge Element 100,Bonnie,0,33.4396,0.841091492776886,-3.249855,7.9932747
Knowledge Element 101,Bonnie,0,34.5188,0.8394863563402889,-3.1707382,7.9101906
Knowledge Element 102,Bonnie,0,50.0136,0.8378812199036918,-3.0340996,7.818636
Knowledge Element 103,Bonnie,0,41.329,0.8362760834670947,-3.6778183,-3.8357296
Knowledge Element 104,Bonnie,0,24.7689,0.8346709470304976,-3.4494076,-4.0203667
Knowledge Element 105,Bonnie,0,20.9273,0.8330658105939005,-2.796301,-4.553482
Knowledge Element 106,Bonnie,0,26.7663,0.8314606741573034,-1.6642189,-5.680747
Knowledge Element 107,Bonnie,0,29.8888,0.8298555377207063,-1.424057,-5.948496
Knowledge Element 108,Bonnie,0,27.7085,0.8282504012841091,-1.0811768,-5.9221153
Knowledge Element 109,Bonnie,0,38.1024,0.826645264847512,-0.5377197,-6.199254
Knowledge Element 110,Bonnie,0,44.8038,0.8250401284109149,-0.7190552,-6.2345896
Knowledge Element 111,Bonnie,0,45.5117,0.8234349919743178,-0.82569504,-5.506304
Knowledge Element 112,Bonnie,0,50.6798,0.8218298555377207,8.132519,-5.1505795
Knowledge Element 113,Bonnie,0,44.0504,0.8202247191011236,8.3378525,-4.421795
Knowledge Element 114,Bonnie,0,34.703,0.8186195826645265,7.7638054,-4.624922
Knowledge Element 115,Bonnie,0,32.569,0.8170144462279294,7.742386,-4.804014
Knowledge Element 116,Bonnie,0,37.1224,0.8154093097913323,7.991455,-5.0250587
Knowledge Element 117,Bonnie,0,44.9964,0.8138041733547352,8.44696,-4.2532825
Knowledge Element 118,Bonnie,0,43.0006,0.812199036918138,8.73457,0.35941505
Knowledge Element 119,Bonnie,0,42.4952,0.8105939004815409,7.081829,0.20557213
Knowledge Element 120,Bonnie,0,29.2892,0.8089887640449438,7.433304,-0.28408623
Knowledge Element 121,Bonnie,0,35.3108,0.8073836276083467,7.271549,0.61027145
Knowledge Element 122,Bonnie,0,63.6701,0.8057784911717496,8.398067,2.371498
Knowledge Element 123,Bonnie,0,100.415,0.8041733547351525,9.022194,1.7672443
Knowledge Element 124,Bonnie,0,160.18,0.8025682182985554,7.1659126,0.6503124
Knowledge Element 125,Bonnie,0,145.63,0.8009630818619583,5.3916397,7.6401234
Knowledge Element 126,Bonnie,0,116.706,0.7993579454253612,-9.449535,-4.0381336
Knowledge Element 127,Bonnie,0,71.8482,0.797752808988764,-9.524641,-3.9389515
Knowledge Element 128,Bonnie,0,52.192,0.7961476725521669,-9.0847435,-2.688734
Knowledge Element 129,Bonnie,0,41.8235,0.7945425361155698,-8.640734,-3.1814518
Knowledge Element 130,Bonnie,0,31.7101,0.7929373996789727,-8.428837,-3.205513
Knowledge Element 131,Bonnie,0,33.3264,0.7913322632423756,-9.237438,-3.7228374
Knowledge Element 132,Bonnie,0,33.7712,0.7897271268057785,-9.396309,-3.6870613
Knowledge Element 133,Bonnie,0,34.9666,0.7881219903691814,-9.204721,-3.2541695
Knowledge Element 134,Bonnie,0,31.7958,0.7865168539325843,-8.727819,-3.697071
Knowledge Element 135,Bonnie,0,32.2544,0.7849117174959872,-9.068211,-3.61615
Knowledge Element 136,Bonnie,0,35.3821,0.78330658105939,-9.521654,-3.5626392
Knowledge Element 137,Bonnie,0,31.9658,0.7817014446227929,-9.66021,-2.87113
Knowledge Element 138,Bonnie,0,37.2137,0.7800963081861958,-9.332813,-2.5015087
Knowledge Element 139,Bonnie,0,30.3141,0.7784911717495987,-9.3305435,-2.41156
Knowledge Element 140,Bonnie,0,30.4173,0.7768860353130016,-9.123692,-2.0209332
Knowledge Element 141,Bonnie,0,32.1321,0.7752808988764045,-9.271465,-1.977354
Knowledge Element 142,Bonnie,0,30.8584,0.7736757624398074,-9.14254,-2.553938
Knowledge Element 143,Bonnie,0,23.912,0.7720706260032103,-8.940329,-2.1263618
Knowledge Element 144,Bonnie,0,23.6548,0.7704654895666132,-8.802259,-1.806118
Knowledge Element 145,Bonnie,0,29.471,0.7688603531300161,-8.71505,-2.028511
Knowledge Element 146,Bonnie,0,34.0993,0.7672552166934189,-7.9663544,-1.7695293
Knowledge Element 147,Bonnie,0,32.6868,0.7656500802568218,-6.9248676,-1.4943695
Knowledge Element 148,Bonnie,0,34.5836,0.7640449438202247,-4.3901653,-3.0401096
Knowledge Element 149,Bonnie,0,39.0094,0.7624398073836276,-3.8251247,-3.4566803
Knowledge Element 150,Bonnie,0,40.8046,0.7608346709470305,-3.1797485,-3.7478447
Knowledge Element 151,Bonnie,0,45.4052,0.7592295345104334,-2.436533,-3.7532616
Knowledge Element 152,Bonnie,0,39.1924,0.7576243980738363,5.117523,-0.1649208
Knowledge Element 153,Bonnie,0,54.2125,0.7560192616372392,5.9794006,0.41280365
Knowledge Element 154,Bonnie,0,99.0589,0.7544141252006421,6.157009,0.584095
Knowledge Element 155,Bonnie,0,129.817,0.7528089887640449,4.0025635,8.450855
Knowledge Element 156,Bonnie,0,92.2787,0.7512038523274478,4.201729,8.598341
Knowledge Element 157,Bonnie,0,48.3586,0.7495987158908507,3.934082,8.999432
Knowledge Element 158,Bonnie,0,41.2042,0.7479935794542536,3.9021301,9.049501
Knowledge Element 159,Bonnie,0,43.4255,0.7463884430176565,4.0844,9.261028
Knowledge Element 160,Bonnie,0,43.7836,0.7447833065810594,4.6881256,9.908154
Knowledge Element 161,Bonnie,0,37.4114,0.7431781701444623,4.8312874,9.930111
Knowledge Element 162,Bonnie,0,47.2329,0.7415730337078652,4.6900864,9.999998
Knowledge Element 163,Bonnie,0,56.7153,0.7399678972712681,4.4996834,9.9905815
Knowledge Element 164,Bonnie,0,58.0182,0.7383627608346709,4.726532,9.843369
Knowledge Element 165,Bonnie,0,42.055,0.7367576243980738,4.7408447,9.914663
Knowledge Element 166,Bonnie,0,36.5155,0.7351524879614767,4.6863136,9.671825
Knowledge Element 167,Bonnie,0,27.9902,0.7335473515248796,4.9214783,9.733566
Knowledge Element 168,Bonnie,0,32.2992,0.7319422150882825,4.7759666,9.886856
Knowledge Element 169,Bonnie,0,35.3513,0.7303370786516854,4.551277,9.674173
Knowledge Element 170,Bonnie,0,41.0097,0.7287319422150883,4.419117,9.402935
Knowledge Element 171,Bonnie,0,77.695,0.7271268057784912,4.5943832,9.3342705
Knowledge Element 172,Bonnie,0,102.64,0.7255216693418941,-3.2739468,-4.9883423
Knowledge Element 173,Bonnie,0,124.69,0.723916532905297,9.677624,2.8767166
Knowledge Element 174,Bonnie,0,101.002,0.7223113964686998,7.4382706,-2.7303104
Knowledge Element 175,Bonnie,0,96.9034,0.7207062600321027,4.922241,8.0200615
Knowledge Element 176,Bonnie,0,90.5511,0.7191011235955056,9.498917,3.2856712
Knowledge Element 177,Bonnie,0,94.5952,0.7174959871589085,8.596954,0.09400749
Knowledge Element 178,Bonnie,0,84.4577,0.7158908507223114,8.956692,-2.7745895
Knowledge Element 179,Bonnie,0,68.538,0.7142857142857143,0.18112373,5.455469
Knowledge Element 180,Bonnie,0,87.5328,0.7126805778491172,8.550503,4.2375317
Knowledge Element 181,Bonnie,0,51.2498,0.7110754414125201,-7.2187653,1.0435715
Knowledge Element 182,Bonnie,0,42.3874,0.709470304975923,-7.0605793,0.9480343
Knowledge Element 183,Bonnie,0,45.3042,0.7078651685393258,-4.7444534,2.3538685
Knowledge Element 184,Bonnie,0,32.3885,0.7062600321027287,-4.262411,2.5453987
Knowledge Element 185,Bonnie,0,38.8676,0.7046548956661316,-4.666546,2.2189198
Knowledge Element 186,Bonnie,0,45.8271,0.7030497592295345,-4.865658,1.8536396
Knowledge Element 187,Bonnie,0,45.7793,0.7014446227929374,-4.05982,2.4129295
Knowledge Element 188,Bonnie,0,33.607,0.6998394863563403,-3.7154694,2.684576
Knowledge Element 189,Bonnie,0,33.2101,0.6982343499197432,-3.20022,2.0295315
Knowledge Element 190,Bonnie,0,36.3243,0.6966292134831461,-2.7534676,2.044033
Knowledge Element 191,Bonnie,0,33.1159,0.695024077046549,-2.8787117,3.1684494
Knowledge Element 192,Bonnie,0,41.2104,0.6934189406099518,-2.6440544,4.04196
Knowledge Element 193,Bonnie,0,50.9586,0.6918138041733547,-2.3603268,4.005663
Knowledge Element 194,Bonnie,0,73.7205,0.6902086677367576,2.1547737,4.4260216
Knowledge Element 195,Bonnie,0,89.4557,0.6886035313001605,6.0469017,0.3772335
Knowledge Element 196,Bonnie,0,99.9951,0.6869983948635634,5.7989273,1.527811
Knowledge Element 197,Bonnie,0,72.0254,0.6853932584269663,5.8452415,4.121397
Knowledge Element 198,Bonnie,0,81.4559,0.6837881219903692,8.409657,3.0056686
Knowledge Element 199,Bonnie,0,66.1171,0.6821829855537721,7.319435,1.4355412
Knowledge Element 200,Bonnie,0,48.72,0.680577849117175,5.690483,0.776989
Knowledge Element 201,Bonnie,0,36.1863,0.6789727126805778,5.439125,1.0544147
Knowledge Element 202,Bonnie,0,39.7656,0.6773675762439807,5.5566216,2.503994
Knowledge Element 203,Bonnie,0,49.9497,0.6757624398073836,5.8124123,3.9436169
Knowledge Element 204,Bonnie,0,55.982,0.6741573033707865,5.5615807,4.085722
Knowledge Element 205,Bonnie,0,61.9171,0.6725521669341894,4.61261,4.3054276
Knowledge Element 206,Bonnie,0,65.0159,0.6709470304975923,6.0724716,3.1694355
Knowledge Element 207,Bonnie,0,68.0779,0.6693418940609952,6.3499336,2.85396
Knowledge Element 208,Bonnie,0,80.8601,0.6677367576243981,6.8825073,2.4481945
Knowledge Element 209,Bonnie,0,68.4013,0.666131621187801,5.597088,2.8657608
Knowledge Element 210,Bonnie,0,49.3136,0.6645264847512039,6.0074043,4.127615
Knowledge Element 211,Bonnie,0,78.8594,0.6629213483146067,7.518482,3.2806034
Knowledge Element 212,Bonnie,0,78.0105,0.6613162118780096,8.821045,2.1210632
Knowledge Element 213,Bonnie,0,67.1289,0.6597110754414125,8.466095,1.1338081
Knowledge Element 214,Bonnie,0,55.7261,0.6581059390048154,6.1590004,1.0506878
Knowledge Element 215,Bonnie,0,46.93,0.6565008025682183,5.214653,2.0646706
Knowledge Element 216,Bonnie,0,53.7632,0.6548956661316212,5.6219826,2.8898945
Knowledge Element 217,Bonnie,0,73.2219,0.6532905296950241,7.7555847,2.8050766
Knowledge Element 218,Bonnie,0,65.6685,0.651685393258427,7.981556,2.5886898
Knowledge Element 219,Bonnie,0,46.3157,0.6500802568218299,5.0864677,1.9505272
Knowledge Element 220,Bonnie,0,45.516,0.6484751203852327,5.363922,2.373829
Knowledge Element 221,Bonnie,0,53.9943,0.6468699839486356,6.784855,3.8450851
Knowledge Element 222,Bonnie,0,60.5675,0.6452648475120385,7.1219177,3.6247005
Knowledge Element 223,Bonnie,0,60.4277,0.6436597110754414,6.9230423,2.7456398
Knowledge Element 224,Bonnie,0,66.8956,0.6420545746388443,7.3959465,2.533739
Knowledge Element 225,Bonnie,0,73.2524,0.6404494382022472,9.20784,1.6842899
Knowledge Element 226,Bonnie,0,60.9309,0.6388443017656501,8.637543,1.0530586
Knowledge Element 227,Bonnie,0,69.4598,0.637239165329053,7.676979,1.3426113
Knowledge Element 228,Bonnie,0,108.667,0.6356340288924559,6.2801056,0.54906464
Knowledge Element 229,Bonnie,0,113.272,0.6340288924558587,4.8003006,6.654217
Knowledge Element 230,Bonnie,0,83.9391,0.6324237560192616,4.41354,6.857786
Knowledge Element 231,Bonnie,0,67.0809,0.6308186195826645,3.6273918,8.065243
Knowledge Element 232,Bonnie,0,63.3051,0.6292134831460674,3.3085785,8.358259
Knowledge Element 233,Bonnie,0,58.9682,0.6276083467094703,3.3376694,8.355028
Knowledge Element 234,Bonnie,0,57.5501,0.6260032102728732,3.414791,8.299103
Knowledge Element 235,Bonnie,0,45.204,0.6243980738362761,3.60738,7.9796696
Knowledge Element 236,Bonnie,0,36.4728,0.622792937399679,3.5781708,8.082739
Knowledge Element 237,Bonnie,0,31.2268,0.6211878009630819,3.6546898,7.8646107
Knowledge Element 238,Bonnie,0,64.8073,0.6195826645264848,3.9788857,7.7207146
Knowledge Element 239,Bonnie,0,79.0825,0.6179775280898876,4.184639,7.6233673
Knowledge Element 240,Bonnie,0,71.1645,0.6163723916532905,5.4761467,2.4745064
Knowledge Element 241,Bonnie,0,55.4744,0.6147672552166934,5.583023,2.6096058
Knowledge Element 242,Bonnie,0,62.2716,0.6131621187800963,7.5548935,1.9392166
Knowledge Element 243,Bonnie,0,60.0132,0.6115569823434992,6.172756,1.3111343
Knowledge Element 244,Bonnie,0,67.449,0.6099518459069021,5.0304604,1.4031715
Knowledge Element 245,Bonnie,0,62.37,0.608346709470305,6.3913193,1.5454674
Knowledge Element 246,Bonnie,0,43.3581,0.6067415730337079,6.532112,0.9073944
Knowledge Element 247,Bonnie,0,54.508,0.6051364365971108,6.475273,0.927351
Knowledge Element 248,Bonnie,0,86.2691,0.6035313001605136,6.4376793,4.167444
Knowledge Element 249,Bonnie,0,104.671,0.6019261637239165,3.9401054,8.08655
Knowledge Element 250,Bonnie,0,81.1348,0.6003210272873194,3.443512,8.315634
Knowledge Element 251,Bonnie,0,49.1637,0.5987158908507223,3.4333801,8.344091
Knowledge Element 252,Bonnie,0,25.2435,0.5971107544141252,3.3557053,8.450567
Knowledge Element 253,Bonnie,0,34.0708,0.5955056179775281,3.6556396,8.274942
Knowledge Element 254,Bonnie,0,46.5635,0.593900481540931,3.5712585,7.6011963
Knowledge Element 255,Bonnie,0,53.0584,0.5922953451043339,3.6995392,7.4751472
Knowledge Element 256,Bonnie,0,58.8441,0.5906902086677368,3.6705284,7.5494614
Knowledge Element 257,Bonnie,0,76.9674,0.5890850722311396,3.702053,7.1926746
Knowledge Element 258,Bonnie,0,139.183,0.5874799357945425,4.453148,4.5741844
Knowledge Element 259,Bonnie,0,137.053,0.5858747993579454,-0.6671734,7.465645
Knowledge Element 260,Bonnie,0,125.643,0.5842696629213483,3.7238655,4.981552
Knowledge Element 261,Bonnie,0,87.8641,0.5826645264847512,4.27153,1.2215405
Knowledge Element 262,Bonnie,0,62.6484,0.5810593900481541,5.499893,0.80963326
Knowledge Element 263,Bonnie,0,64.5976,0.579454253611557,4.275734,4.461872
Knowledge Element 264,Bonnie,0,50.0177,0.5778491171749599,4.2882957,4.444395
Knowledge Element 265,Bonnie,0,44.1306,0.5762439807383628,4.158207,4.8746643
Knowledge Element 266,Bonnie,0,41.7152,0.5746388443017657,4.0638504,4.6777763
Knowledge Element 267,Bonnie,0,35.8524,0.5730337078651685,4.1820946,3.9182167
Knowledge Element 268,Bonnie,0,44.2048,0.5714285714285714,3.9368896,5.1817703
Knowledge Element 269,Bonnie,0,134.967,0.5698234349919743,4.005806,4.639126
Knowledge Element 270,Bonnie,0,173.413,0.5682182985553772,4.347561,1.6327553
Knowledge Element 271,Bonnie,0,221.778,0.5666131621187801,4.528618,0.73573303
Knowledge Element 272,Bonnie,0,145.218,0.565008025682183,5.8124313,0.86343956
Knowledge Element 273,Bonnie,0,128.388,0.5634028892455859,4.0213165,5.850931
Knowledge Element 274,Bonnie,0,87.6106,0.5617977528089888,4.0280685,5.9342365
Knowledge Element 275,Bonnie,0,69.027,0.5601926163723917,4.0255165,6.0916405
Knowledge Element 276,Bonnie,0,66.447,0.5585874799357945,4.0742874,6.194607
Knowledge Element 277,Bonnie,0,60.9877,0.5569823434991974,4.105587,6.0651035
Knowledge Element 278,Bonnie,0,50.7508,0.5553772070626003,4.026722,6.209448
Knowledge Element 279,Bonnie,0,35.6541,0.5537720706260032,3.8942642,6.2185154
Knowledge Element 280,Bonnie,0,40.8778,0.5521669341894061,3.814659,6.4312344
Knowledge Element 281,Bonnie,0,45.3328,0.5497592295345104,3.5156631,6.38151
Knowledge Element 282,Bonnie,0,52.302,0.5473515248796148,3.622383,6.375515
Knowledge Element 283,Bonnie,0,76.3535,0.5449438202247191,3.4697914,6.4031925
Knowledge Element 284,Bonnie,0,66.4926,0.5425361155698234,3.1584663,6.5364895
Knowledge Element 285,Bonnie,0,53.1075,0.5409309791332263,2.9391747,6.5779133
Knowledge Element 286,Bonnie,0,59.5327,0.5393258426966292,2.4783058,6.63348
Knowledge Element 287,Bonnie,0,54.5803,0.5377207062600321,2.5406303,6.520113
Knowledge Element 288,Bonnie,0,45.0841,0.536115569823435,2.604416,5.9043713
Knowledge Element 289,Bonnie,0,41.0989,0.5345104333868379,2.2054405,4.5681896
Knowledge Element 290,Bonnie,0,52.5443,0.5329052969502408,2.1755066,3.5055027
Knowledge Element 291,Bonnie,0,51.6311,0.5313001605136437,2.1568642,2.4070778
Knowledge Element 292,Bonnie,0,46.9054,0.5296950240770465,1.9378662,1.5657349
Knowledge Element 293,Bonnie,0,37.7372,0.5280898876404494,1.7752533,1.7571392
Knowledge Element 294,Bonnie,0,36.9646,0.5264847512038523,1.6520157,1.6063881
Knowledge Element 295,Bonnie,0,32.0534,0.5248796147672552,1.838417,1.4372635
Knowledge Element 296,Bonnie,0,36.9833,0.5232744783306581,1.731678,1.5981617
Knowledge Element 297,Bonnie,0,47.1453,0.521669341894061,1.7972183,1.5672016
Knowledge Element 298,Bonnie,0,61.6313,0.5192616372391653,1.7038879,1.7058887
Knowledge Element 299,Bonnie,0,112.186,0.5192616372391653,-9.823553,2.1789894
Knowledge Element 300,Bonnie,0,98.334,0.5168539325842697,-9.971546,2.2502747
Knowledge Element 301,Bonnie,0,69.6336,0.5152487961476726,-9.451328,1.6346359
Knowledge Element 302,Bonnie,0,63.1663,0.5136436597110754,-9.76338,2.0561733
Knowledge Element 303,Bonnie,0,62.8731,0.5120385232744783,-9.749886,2.1994858
Knowledge Element 304,Bonnie,0,61.1337,0.5104333868378812,-9.774414,2.153473
Knowledge Element 305,Bonnie,0,65.7314,0.5088282504012841,-10.0,2.3071022
Knowledge Element 306,Bonnie,0,64.9423,0.507223113964687,-9.604172,1.8198013
Knowledge Element 307,Bonnie,0,65.1548,0.5056179775280899,-9.530878,1.7976418
Knowledge Element 308,Bonnie,0,54.7782,0.5040128410914928,-9.6072235,1.8988514
Knowledge Element 309,Bonnie,0,67.6032,0.5024077046548957,-9.768454,2.1141872
Knowledge Element 310,Bonnie,0,73.1144,0.5008025682182986,-9.759676,2.1255035
Knowledge Element 311,Bonnie,0,50.2621,0.49919743178170145,-9.959915,2.2915592
Knowledge Element 312,Bonnie,0,51.2453,0.49759229534510435,-9.585918,1.8032017
Knowledge Element 313,Bonnie,0,54.1604,0.4959871589085072,-9.599421,1.8993549
Knowledge Element 314,Bonnie,0,58.7175,0.4943820224719101,-9.632729,1.9122562
Knowledge Element 315,Bonnie,0,66.9657,0.492776886035313,-9.58165,1.9818192
Knowledge Element 316,Bonnie,0,61.6749,0.4911717495987159,-9.489016,2.0214615
Knowledge Element 317,Bonnie,0,61.292,0.4895666131621188,-9.406147,1.8445873
Knowledge Element 318,Bonnie,0,54.5228,0.48796147672552165,-9.638599,2.0317078
Knowledge Element 319,Bonnie,0,59.8383,0.48635634028892455,-9.862085,2.1571903
Knowledge Element 320,Bonnie,0,54.892,0.48475120385232745,-9.8748455,2.22398
Knowledge Element 321,Bonnie,0,50.9663,0.48314606741573035,6.1860847,2.435358
Knowledge Element 322,Bonnie,0,62.3733,0.48154093097913325,8.150459,2.3102303
Knowledge Element 323,Bonnie,0,67.3354,0.4799357945425361,8.241646,-1.1795197
Knowledge Element 324,Bonnie,0,69.1105,0.478330658105939,8.539303,-1.3612537
Knowledge Element 325,Bonnie,0,70.7738,0.4767255216693419,7.153206,-2.0175285
Knowledge Element 326,Bonnie,0,52.4775,0.4751203852327448,8.463997,-2.0041618
Knowledge Element 327,Bonnie,0,48.4206,0.47351524879614765,8.121254,-1.5742054
Knowledge Element 328,Bonnie,0,93.5709,0.47191011235955055,0.6499119,-1.8249378
Knowledge Element 329,Bonnie,0,90.0522,0.47030497592295345,0.68992233,-1.6581364
Knowledge Element 330,Bonnie,0,76.0596,0.46869983948635635,0.5697937,-1.3311749
Knowledge Element 331,Bonnie,0,73.6752,0.46709470304975925,-3.1057854,-1.1779213
Knowledge Element 332,Bonnie,0,72.7504,0.4654895666131621,-3.7794514,-1.2093849
Knowledge Element 333,Bonnie,0,77.156,0.463884430176565,-4.1162663,-1.2041893
Knowledge Element 334,Bonnie,0,92.5496,0.4622792937399679,-4.837969,-1.1888657
Knowledge Element 335,Bonnie,0,106.199,0.4606741573033708,-5.2727814,-1.1545563
Knowledge Element 336,Bonnie,0,108.515,0.4590690208667737,-6.4211483,-0.8278847
Knowledge Element 337,Bonnie,0,87.9189,0.45746388443017655,-6.2093143,-0.29761314
Knowledge Element 338,Bonnie,0,62.9093,0.45585874799357945,-6.0358734,0.0038986206
Knowledge Element 339,Bonnie,0,69.0673,0.45425361155698235,-6.2462406,-0.050001144
Knowledge Element 340,Bonnie,0,108.347,0.45264847512038525,-5.7572803,0.468153
Knowledge Element 341,Bonnie,0,132.711,0.4510433386837881,1.4767303,8.038429
Knowledge Element 342,Bonnie,0,96.6422,0.449438202247191,1.2940826,7.941023
Knowledge Element 343,Bonnie,0,90.7292,0.4478330658105939,3.1165123,8.20298
Knowledge Element 344,Bonnie,0,78.4561,0.4462279293739968,3.4611244,8.357836
Knowledge Element 345,Bonnie,0,91.8926,0.4446227929373997,3.8371964,8.051098
Knowledge Element 346,Bonnie,0,135.79,0.44301765650080255,4.224411,7.6116276
Knowledge Element 347,Bonnie,0,141.002,0.44141252006420545,4.5615387,7.178673
Knowledge Element 348,Bonnie,0,147.045,0.43980738362760835,6.8059235,4.405489
Knowledge Element 349,Bonnie,0,157.218,0.43820224719101125,7.1893883,3.7751884
Knowledge Element 350,Bonnie,0,143.746,0.43659711075441415,8.444794,1.1544228
Knowledge Element 351,Bonnie,0,108.967,0.434991974317817,8.305916,-0.8689766
Knowledge Element 352,Bonnie,0,77.5408,0.43258426966292135,3.975914,9.656969
Knowledge Element 353,Bonnie,0,63.0387,0.4301765650080257,3.858181,9.545006
Knowledge Element 354,Bonnie,0,63.8732,0.42857142857142855,3.520073,9.369785
Knowledge Element 355,Bonnie,0,72.4761,0.42696629213483145,0.19113731,7.3856525
Knowledge Element 356,Bonnie,0,90.1156,0.42536115569823435,-0.7345295,7.4210396
Knowledge Element 357,Bonnie,0,77.9266,0.42375601926163725,-1.0716858,7.557579
Knowledge Element 358,Bonnie,0,63.8334,0.42215088282504015,-1.1458454,7.618778
Knowledge Element 359,Bonnie,0,57.3175,0.420545746388443,-1.5591049,7.1765823
Knowledge Element 360,Bonnie,0,66.4489,0.4189406099518459,-1.8276844,6.4099293
Knowledge Element 361,Bonnie,0,72.3726,0.4173354735152488,-1.751976,6.3366394
Knowledge Element 362,Bonnie,0,117.008,0.4157303370786517,1.6973839,4.6694336
Knowledge Element 363,Bonnie,0,119.917,0.41412520064205455,-7.2168007,-2.6489048
Knowledge Element 364,Bonnie,0,127.786,0.41252006420545745,-2.174286,1.48312
Knowledge Element 365,Bonnie,0,136.362,0.41091492776886035,-2.1293926,1.5005646
Knowledge Element 366,Bonnie,0,124.186,0.40930979133226325,3.435814,2.0980358
Knowledge Element 367,Bonnie,0,67.0801,0.40770465489566615,3.3386612,2.0158749
Knowledge Element 368,Bonnie,0,56.0968,0.406099518459069,5.520321,-0.3699875
Knowledge Element 369,Bonnie,0,76.4673,0.4044943820224719,7.364132,0.2598877
Knowledge Element 370,Bonnie,0,80.4795,0.4028892455858748,7.6259575,-4.663763
Knowledge Element 371,Bonnie,0,105.413,0.4012841091492777,6.3495636,-2.8990364
Knowledge Element 372,Bonnie,0,75.959,0.3996789727126806,9.119194,-2.4491844
Knowledge Element 373,Bonnie,0,58.2283,0.39807383627608345,5.3937645,-1.2320442
Knowledge Element 374,Bonnie,0,61.4227,0.39646869983948635,5.590637,-1.1999989
Knowledge Element 375,Bonnie,0,61.9388,0.39486356340288925,9.477512,-2.3276787
Knowledge Element 376,Bonnie,0,108.182,0.39325842696629215,9.928379,0.81757736
Knowledge Element 377,Bonnie,0,159.497,0.391653290529695,8.7499695,0.9973812
Knowledge Element 378,Bonnie,0,76.939,0.3900481540930979,2.1715088,-9.770006
Knowledge Element 379,Bonnie,0,56.9894,0.3884430176565008,2.0537796,-9.860547
Knowledge Element 380,Bonnie,0,54.9286,0.3868378812199037,2.0979042,-9.776181
Knowledge Element 381,Bonnie,0,40.3267,0.3852327447833066,2.4291573,-9.644726
Knowledge Element 382,Bonnie,0,44.5508,0.3828250401284109,2.2197952,-9.837612
Knowledge Element 383,Bonnie,0,53.6125,0.38041733547351525,2.14122,-9.875899
Knowledge Element 384,Bonnie,0,84.4153,0.37881219903691815,2.261734,-9.920703
Knowledge Element 385,Bonnie,0,49.7255,0.37720706260032105,2.2317314,-9.97518
Knowledge Element 386,Bonnie,0,43.1772,0.37479935794542535,2.1597137,-9.842638
Knowledge Element 387,Bonnie,0,63.2784,0.3723916532905297,2.2798843,-9.919037
Knowledge Element 388,Bonnie,0,50.2857,0.3707865168539326,2.2537766,-9.925573
Knowledge Element 389,Bonnie,0,47.484,0.3683788121990369,2.2203674,-9.917688
Knowledge Element 390,Bonnie,0,55.571,0.36597110754414125,2.3261147,-9.958482
Knowledge Element 391,Bonnie,0,61.5791,0.36436597110754415,2.2968826,-9.968561
Knowledge Element 392,Bonnie,0,81.2557,0.36276083467094705,2.302021,-10.000001
Knowledge Element 393,Bonnie,0,97.0092,0.3611556982343499,2.214817,-9.923775
Knowledge Element 394,Bonnie,0,88.051,0.3595505617977528,1.9708214,-9.725479
Knowledge Element 395,Bonnie,0,140.437,0.35714285714285715,3.820694,0.93959427
Knowledge Element 396,Bonnie,0,166.991,0.3547351524879615,3.1226044,0.06910133
Knowledge Element 397,Bonnie,0,150.32,0.35714285714285715,1.1885719,-0.18396759
Knowledge Element 398,Bonnie,0,77.2019,0.35313001605136435,-3.7484245,-1.2338314
Knowledge Element 399,Bonnie,0,66.683,0.35152487961476725,-4.3927155,-1.170435
Knowledge Element 400,Bonnie,0,60.8864,0.34991974317817015,-5.0958385,-1.2851105
Knowledge Element 401,Bonnie,0,81.1703,0.34831460674157305,-6.0854225,-1.1604252
Knowledge Element 402,Bonnie,0,101.695,0.3467094703049759,-7.1049023,-1.2280674
Knowledge Element 403,Bonnie,0,152.537,0.3451043338683788,-8.322176,-1.7257576
Knowledge Element 404,Bonnie,0,172.288,0.3434991974317817,-7.2103024,-2.4867
Knowledge Element 405,Bonnie,0,143.483,0.3418940609951846,9.619461,3.9260635
Knowledge Element 406,Bonnie,0,108.496,0.3402889245585875,9.16729,3.77248
Knowledge Element 407,Bonnie,0,92.4067,0.33868378812199035,6.8313065,3.1600876
Knowledge Element 408,Bonnie,0,83.6167,0.33707865168539325,-0.3687439,7.2264214
Knowledge Element 409,Bonnie,0,71.9706,0.33547351524879615,-0.5819912,7.52804
Knowledge Element 410,Bonnie,0,70.8444,0.33386837881219905,0.5359535,7.629772
Knowledge Element 411,Bonnie,0,72.9566,0.33226324237560195,1.0800095,7.663397
Knowledge Element 412,Bonnie,0,86.2053,0.3306581059390048,1.9236641,6.976288
Knowledge Element 413,Bonnie,0,102.304,0.3290529695024077,1.6201057,6.5535946
Knowledge Element 414,Bonnie,0,120.555,0.3274478330658106,1.2735252,6.1803436
Knowledge Element 415,Bonnie,0,158.462,0.3258426966292135,1.5003586,5.834379
Knowledge Element 416,Bonnie,0,84.0929,0.32423756019261635,-7.6925163,-1.7536583
Knowledge Element 417,Bonnie,0,51.9305,0.32263242375601925,-7.9354897,-2.0538807
Knowledge Element 418,Bonnie,0,51.8019,0.32102728731942215,-7.4808884,-2.3266048
Knowledge Element 419,Bonnie,0,53.706,0.31942215088282505,-7.5114307,-2.372818
Knowledge Element 420,Bonnie,0,66.459,0.31781701444622795,-7.788391,-2.5346298
Knowledge Element 421,Bonnie,0,70.8545,0.3162118780096308,-7.709627,-2.3968182
Knowledge Element 422,Bonnie,0,67.0177,0.31380417335473515,-7.6532154,-2.5466766
Knowledge Element 423,Bonnie,0,90.4488,0.3113964686998395,-7.9732227,-2.0115757
Knowledge Element 424,Bonnie,0,134.173,0.3097913322632424,-8.629648,-1.7701569
Knowledge Element 425,Bonnie,0,146.272,0.30818619582664525,4.201927,0.58693314
Knowledge Element 426,Bonnie,0,127.242,0.30658105939004815,4.0264816,1.0665913
Knowledge Element 427,Bonnie,0,94.9987,0.3041733547351525,4.38253,0.6927624
Knowledge Element 428,Bonnie,0,84.02,0.3017656500802568,3.7256012,-0.2891388
Knowledge Element 429,Bonnie,0,66.7508,0.3001605136436597,4.116249,0.6814289
Knowledge Element 430,Bonnie,0,51.0757,0.2985553772070626,4.1796913,0.9969921
Knowledge Element 431,Bonnie,0,46.427,0.2969502407704655,3.4253883,0.7223873
Knowledge Element 432,Bonnie,0,60.9701,0.2953451043338684,3.506134,0.51212883
Knowledge Element 433,Bonnie,0,51.3857,0.29373996789727125,4.212757,0.48327065
Knowledge Element 434,Bonnie,0,42.011,0.29213483146067415,4.1277885,0.53162384
Knowledge Element 435,Bonnie,0,48.528,0.29052969502407705,3.8646889,0.909462
Knowledge Element 436,Bonnie,0,64.0761,0.28892455858747995,3.6759834,0.8371506
Knowledge Element 437,Bonnie,0,87.9571,0.28731942215088285,3.5669365,0.8292217
Knowledge Element 438,Bonnie,0,130.61,0.2857142857142857,-6.877594,-1.3305473
Knowledge Element 439,Bonnie,0,113.53,0.2841091492776886,-9.07233,-1.5486298
Knowledge Element 440,Bonnie,0,101.965,0.2825040128410915,-8.940496,-1.381012
Knowledge Element 441,Bonnie,0,130.623,0.2808988764044944,-8.700155,-1.184412
Knowledge Element 442,Bonnie,0,131.028,0.27929373996789725,-8.211866,-0.86502266
Knowledge Element 443,Bonnie,0,113.64,0.27768860353130015,-7.2087135,0.6929703
Knowledge Element 444,Bonnie,0,91.4033,0.2752808988764045,-6.732723,1.1398602
Knowledge Element 445,Bonnie,0,78.7708,0.27287319422150885,-4.7877254,2.4403057
Knowledge Element 446,Bonnie,0,87.0731,0.2712680577849117,-4.1619663,2.3916817
Knowledge Element 447,Bonnie,0,84.7558,0.2696629213483146,-3.47122,2.081112
Knowledge Element 448,Bonnie,0,70.318,0.2680577849117175,-2.990347,2.087162
Knowledge Element 449,Bonnie,0,85.9844,0.2664526484751204,-2.7112103,2.3418941
Knowledge Element 450,Bonnie,0,142.537,0.26484751203852325,-2.1259441,2.6041965
Knowledge Element 451,Bonnie,0,152.781,0.26324237560192615,0.28975868,6.788475
Knowledge Element 452,Bonnie,0,120.146,0.26163723916532905,0.54821587,6.60429
Knowledge Element 453,Bonnie,0,127.226,0.26003210272873195,0.908165,6.373457
Knowledge Element 454,Bonnie,0,128.947,0.25842696629213485,6.3025246,2.005703
Knowledge Element 455,Bonnie,0,102.936,0.2568218298555377,5.1289635,3.1229515
Knowledge Element 456,Bonnie,0,86.7884,0.2552166934189406,-1.7900066,4.865942
Knowledge Element 457,Bonnie,0,128.366,0.2536115569823435,-2.0517654,5.0417213
Knowledge Element 458,Bonnie,0,124.247,0.2520064205457464,4.9462013,2.0618725
Knowledge Element 459,Bonnie,0,164.584,0.2504012841091493,8.494034,3.6071281
Knowledge Element 460,Bonnie,0,97.0188,0.24879614767255218,-4.157875,-1.3803043
Knowledge Element 461,Bonnie,0,90.861,0.24719101123595505,-4.5086575,-1.4548302
Knowledge Element 462,Bonnie,0,75.6091,0.24558587479935795,-5.254568,-1.3582306
Knowledge Element 463,Bonnie,0,71.6355,0.24398073836276082,-6.4785213,-1.3665428
Knowledge Element 464,Bonnie,0,74.8242,0.24237560192616373,-8.841312,-1.5005531
Knowledge Element 465,Bonnie,0,92.6686,0.24077046548956663,-8.447548,-1.4973316
Knowledge Element 466,Bonnie,0,125.505,0.2391653290529695,-7.097082,-0.89167595
Knowledge Element 467,Bonnie,0,161.7,0.2375601926163724,2.0866432,3.3714733
Knowledge Element 468,Bonnie,0,159.357,0.23595505617977527,9.262424,3.7011814
Knowledge Element 469,Bonnie,0,112.0,0.23434991974317818,5.433117,1.9836597
Knowledge Element 470,Bonnie,0,104.415,0.23274478330658105,5.5331116,2.232315
Knowledge Element 471,Bonnie,0,132.228,0.23113964686998395,7.558098,2.7466831
Knowledge Element 472,Bonnie,0,135.995,0.22953451043338685,-6.544588,-0.51970863
Knowledge Element 473,Bonnie,0,135.295,0.22792937399678972,-6.5002365,-0.08270073
Knowledge Element 474,Bonnie,0,110.31,0.22552166934189405,-5.450987,1.2217445
Knowledge Element 475,Bonnie,0,88.8835,0.2231139646869984,-4.9362583,1.6571484
Knowledge Element 476,Bonnie,0,85.702,0.22150882825040127,-4.603773,2.2450294
Knowledge Element 477,Bonnie,0,84.7676,0.21910112359550563,-4.5736465,2.514759
Knowledge Element 478,Bonnie,0,98.1777,0.21669341894060995,-4.2452393,3.0889893
Knowledge Element 479,Bonnie,0,113.795,0.21348314606741572,-3.5824718,3.3686924
Knowledge Element 480,Bonnie,0,142.279,0.22552166934189405,-3.4048004,3.009426
Knowledge Element 481,Bonnie,0,99.0194,0.21348314606741572,0.45918846,7.5343933
Knowledge Element 482,Bonnie,0,135.711,0.2102728731942215,-0.5379524,6.695301
Knowledge Element 483,Bonnie,0,122.042,0.2086677367576244,-0.46255302,6.5973396
Knowledge Element 484,Bonnie,0,125.648,0.20706260032102727,-0.20850372,6.554922
Knowledge Element 485,Bonnie,0,122.527,0.20545746388443017,0.7934189,6.420309
Knowledge Element 486,Bonnie,0,132.439,0.20385232744783308,1.1840096,6.241678
Knowledge Element 487,Bonnie,0,189.301,0.21910112359550563,5.3546753,2.3610973
Knowledge Element 488,Bonnie,0,155.679,0.20224719101123595,6.0765,3.426546
Knowledge Element 489,Bonnie,0,140.321,0.20064205457463885,7.8581123,2.8170166
Knowledge Element 490,Bonnie,0,80.4202,0.19903691813804172,-8.467129,-3.339861
Knowledge Element 491,Bonnie,0,72.079,0.19743178170144463,-9.368343,-2.0587864
Knowledge Element 492,Bonnie,0,70.1076,0.1958266452648475,-8.980278,-2.2843018
Knowledge Element 493,Bonnie,0,69.8981,0.1942215088282504,-9.086916,-2.2136612
Knowledge Element 494,Bonnie,0,69.4321,0.1926163723916533,-8.940977,-2.1423378
Knowledge Element 495,Bonnie,0,60.2628,0.19101123595505617,-9.200851,-2.2230968
Knowledge Element 496,Bonnie,0,62.8832,0.18940609951845908,-9.062147,-2.22229
Knowledge Element 497,Bonnie,0,57.3506,0.18780096308186195,-9.405773,-2.2098885
Knowledge Element 498,Bonnie,0,72.2585,0.18619582664526485,-9.242073,-2.097538
Knowledge Element 499,Bonnie,0,88.8309,0.18459069020866772,-8.663664,-2.3948498
Knowledge Element 500,Bonnie,0,91.0065,0.18298555377207062,-8.508085,-2.4566917
Knowledge Element 501,Bonnie,0,100.238,0.18138041733547353,-7.9755917,-2.6906605
Knowledge Element 502,Bonnie,0,87.4913,0.1797752808988764,-7.867176,-2.8205757
Knowledge Element 503,Bonnie,0,74.8939,0.1781701444622793,-7.6131554,-3.1927185
Knowledge Element 504,Bonnie,0,87.9045,0.17656500802568217,-2.4133606,-5.0636845
Knowledge Element 505,Bonnie,0,82.6089,0.17495987158908508,-2.229681,-5.1126614
Knowledge Element 506,Bonnie,0,92.3848,0.17335473515248795,-1.8019562,-5.672696
Knowledge Element 507,Bonnie,0,103.766,0.17174959871589085,0.32504654,-5.292038
Knowledge Element 508,Bonnie,0,95.1736,0.17014446227929375,4.5042534,-0.9000664
Knowledge Element 509,Bonnie,0,83.9029,0.16853932584269662,6.834755,-4.5429173
Knowledge Element 510,Bonnie,0,71.6663,0.16693418940609953,6.3340797,-3.033846
Knowledge Element 511,Bonnie,0,69.6876,0.1653290529695024,6.262356,-1.6470604
Knowledge Element 512,Bonnie,0,67.2337,0.1637239165329053,6.4500847,-1.5211506
Knowledge Element 513,Bonnie,0,55.2549,0.16211878009630817,6.1423607,-1.8683662
Knowledge Element 514,Bonnie,0,68.5391,0.16051364365971107,10.0,-0.10253525
Knowledge Element 515,Bonnie,0,61.1657,0.15890850722311398,9.202866,-0.02220726
Knowledge Element 516,Bonnie,0,70.1958,0.15730337078651685,7.468109,-2.6942863
Knowledge Element 517,Bonnie,0,72.4087,0.15569823434991975,5.1029625,-1.7187386
Knowledge Element 518,Bonnie,0,76.4677,0.15409309791332262,8.179508,-1.398716
Knowledge Element 519,Bonnie,0,78.2592,0.15248796147672553,8.404419,-1.327465
Knowledge Element 520,Bonnie,0,58.9175,0.1508828250401284,7.54105,-2.7027473
Knowledge Element 521,Bonnie,0,56.0708,0.1492776886035313,7.331753,-2.2976208
Knowledge Element 522,Bonnie,0,62.7768,0.1476725521669342,8.018684,-1.565897
Knowledge Element 523,Bonnie,0,69.5592,0.14606741573033707,8.581623,-1.1741161
Knowledge Element 524,Bonnie,0,59.0978,0.14446227929373998,7.5927353,-2.4446068
Knowledge Element 525,Bonnie,0,51.896,0.14285714285714285,7.960125,-2.3328838
Knowledge Element 526,Bonnie,0,190.701,0.14125200642054575,-3.2341309,-4.932785
Knowledge Element 527,Bonnie,0,158.471,0.13964686998394862,9.684204,2.9042606
Knowledge Element 528,Bonnie,0,182.303,0.13804173354735153,8.317211,2.1660824
Knowledge Element 529,Bonnie,0,101.796,0.13643659711075443,-0.6075325,6.820612
Knowledge Element 530,Bonnie,0,76.8633,0.1348314606741573,-0.5272751,6.9322243
Knowledge Element 531,Bonnie,0,89.4577,0.1332263242375602,-0.45705986,6.574106
Knowledge Element 532,Bonnie,0,86.2773,0.13162118780096307,-0.80335426,6.543953
Knowledge Element 533,Bonnie,0,77.6014,0.13001605136436598,-0.6274338,7.053171
Knowledge Element 534,Bonnie,0,82.5151,0.12841091492776885,-0.85129356,6.3862915
Knowledge Element 535,Bonnie,0,75.7299,0.12680577849117175,-0.6984215,6.461771
Knowledge Element 536,Bonnie,0,62.5113,0.12520064205457465,-0.54125977,6.9339466
Knowledge Element 537,Bonnie,0,67.1444,0.12359550561797752,-0.77108383,6.4799385
Knowledge Element 538,Bonnie,0,73.4962,0.12199036918138041,-0.8833256,6.349024
Knowledge Element 539,Bonnie,0,65.0994,0.12038523274478331,-0.89842415,6.406809
Knowledge Element 540,Bonnie,0,57.3864,0.1187800963081862,-1.0217495,6.356243
Knowledge Element 541,Bonnie,0,76.4834,0.11717495987158909,-1.4991989,5.4935493
Knowledge Element 542,Bonnie,0,83.2795,0.11476725521669343,-1.5395775,5.417986
Knowledge Element 543,Bonnie,0,65.4745,0.11235955056179775,-1.8015137,4.657894
Knowledge Element 544,Bonnie,0,75.3947,0.11075441412520064,-2.127264,4.3684654
Knowledge Element 545,Bonnie,0,91.0864,0.10914927768860354,-2.1326828,4.4075108
Knowledge Element 546,Bonnie,0,104.096,0.10754414125200643,-3.4262867,2.9396935
Knowledge Element 547,Bonnie,0,108.138,0.10593900481540931,-3.6058578,3.2503529
Knowledge Element 548,Bonnie,0,77.2496,0.1043338683788122,-2.0971985,3.79002
Knowledge Element 549,Bonnie,0,76.0847,0.10272873194221509,-1.9447098,3.544096
Knowledge Element 550,Bonnie,0,78.4902,0.10112359550561797,-2.2409668,2.6569862
Knowledge Element 551,Bonnie,0,77.7852,0.09951845906902086,-3.2668056,2.9523754
Knowledge Element 552,Bonnie,0,84.1612,0.09791332263242375,-3.321207,3.0210552
Knowledge Element 553,Bonnie,0,67.4866,0.09630818619582665,-2.0764694,3.4149895
Knowledge Element 554,Bonnie,0,60.5477,0.09470304975922954,-1.702961,3.060526
Knowledge Element 555,Bonnie,0,85.4685,0.09309791332263243,-3.5565472,2.3687916
Knowledge Element 556,Bonnie,0,70.7106,0.09069020866773676,-3.1912537,2.2827415
Knowledge Element 557,Bonnie,0,74.5074,0.08828250401284109,-2.5679798,2.245182
Knowledge Element 558,Bonnie,0,59.8438,0.08667736757624397,-3.979782,2.6795235
Knowledge Element 559,Bonnie,0,60.0328,0.08507223113964688,-3.6136894,2.7356644
Knowledge Element 560,Bonnie,0,72.9402,0.08346709470304976,-3.904272,2.5243149
Knowledge Element 561,Bonnie,0,78.5202,0.08186195826645265,-3.843193,2.9354458
Knowledge Element 562,Bonnie,0,82.209,0.08025682182985554,-3.8585358,2.8640995
Knowledge Element 563,Bonnie,0,87.1324,0.07865168539325842,-3.8569126,3.0997581
Knowledge Element 564,Bonnie,0,81.0883,0.07624398073836276,-3.8885021,3.3340893
Knowledge Element 565,Bonnie,0,56.7441,0.0738362760834671,-3.867445,3.3543243
Knowledge Element 566,Bonnie,0,89.1256,0.07223113964686999,-3.3643436,3.791998
Knowledge Element 567,Bonnie,0,160.038,0.07624398073836276,-2.9381409,4.046772
Knowledge Element 568,Bonnie,0,197.577,0.3683788121990369,-2.039629,3.3065739
Knowledge Element 569,Bonnie,0,100.884,0.07062600321027288,5.4259224,2.1708145
Knowledge Element 570,Bonnie,0,96.706,0.06902086677367576,6.212078,3.022688
Knowledge Element 571,Bonnie,0,105.371,0.06741573033707865,7.371109,3.212408
Knowledge Element 572,Bonnie,0,75.3372,0.06500802568218299,6.148037,2.4536457
Knowledge Element 573,Bonnie,0,63.3448,0.06260032102728733,6.6694145,2.1795712
Knowledge Element 574,Bonnie,0,95.7788,0.060995184590690206,7.0063972,2.5401516
Knowledge Element 575,Bonnie,0,80.25,0.0593900481540931,7.0765038,3.541151
Knowledge Element 576,Bonnie,0,85.5373,0.05778491171749599,7.4108086,2.815714
Knowledge Element 577,Bonnie,0,77.989,0.05537720706260032,6.654724,2.4532623
Knowledge Element 578,Bonnie,0,90.4762,0.052969502407704656,6.2242393,2.8169804
Knowledge Element 579,Bonnie,0,81.0571,0.051364365971107544,6.3205833,2.6473808
Knowledge Element 580,Bonnie,0,57.1883,0.04975922953451043,6.3706055,2.7674255
Knowledge Element 581,Bonnie,0,50.0689,0.04735152487961477,7.416565,2.6442814
Knowledge Element 582,Bonnie,0,83.5244,0.0449438202247191,8.6001625,2.2596588
Knowledge Element 583,Bonnie,0,119.083,0.04333868378812199,8.400421,1.4951305
Knowledge Element 584,Bonnie,0,140.206,0.06500802568218299,6.32399,1.850069
Knowledge Element 585,Bonnie,0,94.5318,0.04173354735152488,6.635517,3.4585743
Knowledge Element 586,Bonnie,0,209.666,0.37479935794542535,7.2759933,3.3082676
Knowledge Element 587,Bonnie,0,244.242,0.43258426966292135,6.541935,1.5561733
Knowledge Element 588,Bonnie,0,248.614,0.3828250401284109,5.1277466,2.832819
Knowledge Element 589,Bonnie,0,222.637,0.2752808988764045,5.7934647,4.071787
Knowledge Element 590,Bonnie,0,131.018,0.04735152487961477,-3.5878696,2.031105
Knowledge Element 591,Bonnie,0,133.48,0.03932584269662921,-3.6414642,2.27812
Knowledge Element 592,Bonnie,0,110.221,0.03531300160513644,-4.0976086,3.0775356
Knowledge Element 593,Bonnie,0,136.237,0.03691813804173355,-4.0644703,3.2856483
Knowledge Element 594,Bonnie,0,167.884,0.03932584269662921,-4.228077,3.366661
Knowledge Element 595,Bonnie,0,199.12,0.31380417335473515,-9.986025,1.9117184
Knowledge Element 596,Bonnie,0,140.769,0.033707865168539325,8.522598,2.3353176
Knowledge Element 597,Bonnie,0,183.656,0.05537720706260032,-2.7025223,6.6872654
Knowledge Element 598,Bonnie,0,173.118,0.09069020866773676,-2.2923527,3.5613747
Knowledge Element 599,Bonnie,0,184.829,0.11476725521669343,5.9885406,2.351982
Knowledge Element 600,Bonnie,0,223.065,0.5449438202247191,6.9489326,3.371338
Knowledge Element 601,Bonnie,0,216.397,0.3041733547351525,2.108429,2.419302
Knowledge Element 602,Bonnie,0,134.364,0.03210272873194221,1.8165321,1.5052567
Knowledge Element 603,Bonnie,0,96.0777,0.030497592295345103,1.7217484,1.6191826
Knowledge Element 604,Bonnie,0,100.384,0.028892455858747994,1.9120674,1.4907246
Knowledge Element 605,Bonnie,0,98.0266,0.027287319422150885,2.0508003,1.242033
Knowledge Element 606,Bonnie,0,101.77,0.024879614767255216,2.173336,1.0284729
Knowledge Element 607,Bonnie,0,139.31,0.021669341894060994,2.3168259,1.1046886
Knowledge Element 608,Bonnie,0,146.352,0.021669341894060994,5.6496277,2.821598
Knowledge Element 609,Bonnie,0,159.05,0.024879614767255216,4.997547,2.7720509
Knowledge Element 610,Bonnie,0,156.048,0.019261637239165328,4.956375,2.942131
Knowledge Element 611,Bonnie,0,188.68,0.21348314606741572,6.393097,2.7101479
Knowledge Element 612,Bonnie,0,219.195,0.5497592295345104,8.570362,1.6878662
Knowledge Element 613,Bonnie,0,124.209,0.01765650080256822,6.680725,-1.7801533
Knowledge Element 614,Bonnie,0,117.018,0.016051364365971106,7.505417,-0.6257858
Knowledge Element 615,Bonnie,0,88.4249,0.014446227929373997,9.395046,-2.4108238
Knowledge Element 616,Bonnie,0,56.9137,0.012841091492776886,9.06855,-2.1081429
Knowledge Element 617,Bonnie,0,56.8339,0.011235955056179775,9.371128,-2.295496
Knowledge Element 618,Bonnie,0,103.183,0.009630818619582664,7.2310066,-2.523283
Knowledge Element 619,Bonnie,0,121.87,0.008025682182985553,7.850292,-2.1509647
Knowledge Element 620,Bonnie,0,107.253,0.006420545746388443,6.9439507,-4.4091053
Knowledge Element 621,Bonnie,0,82.7821,0.004815409309791332,8.852901,-2.747795
Knowledge Element 622,Bonnie,0,88.3891,0.0032102728731942215,6.498501,-1.5518131
Knowledge Element 623,Bonnie,0,100.568,0.0016051364365971107,8.415112,-1.7306652
Knowledge Element 624,Eric,1,161.397,0.908256880733945,6.9433517,-2.278099
Knowledge Element 625,Eric,1,155.74,0.8944954128440367,4.9261665,-2.8481483
Knowledge Element 626,Eric,1,139.077,0.8807339449541285,2.3358994,-4.60828
Knowledge Element 627,Eric,1,140.489,0.8715596330275229,3.3702087,-5.356268
Knowledge Element 628,Eric,1,141.997,0.8623853211009175,6.4273033,-4.590948
Knowledge Element 629,Eric,1,170.091,0.8486238532110092,6.0559654,-4.0673714
Knowledge Element 630,Eric,1,169.54,0.8486238532110092,3.1094666,-2.6021042
Knowledge Element 631,Eric,1,145.084,0.8348623853211009,2.5098114,-2.6062355
Knowledge Element 632,Eric,1,118.147,0.8256880733944955,2.4380875,-2.767355
Knowledge Element 633,Eric,1,123.515,0.8165137614678899,2.8013268,-2.6161766
Knowledge Element 634,Eric,1,118.351,0.8073394495412844,3.6518288,-2.411852
Knowledge Element 635,Eric,1,108.638,0.7981651376146789,3.9811974,-2.1695614
Knowledge Element 636,Eric,1,188.045,0.963302752293578,4.1868935,-2.1505718
Knowledge Element 637,Eric,1,246.79,0.9724770642201835,8.712162,-1.9647961
Knowledge Element 638,Eric,1,251.067,0.944954128440367,8.905304,-1.938345
Knowledge Element 639,Eric,1,224.394,0.9311926605504587,0.9477577,-0.89658546
Knowledge Element 640,Eric,1,179.007,0.8944954128440367,-0.35123825,-2.1933537
Knowledge Element 641,Eric,1,130.551,0.7798165137614679,-1.6643429,-2.2940388
Knowledge Element 642,Eric,1,140.02,0.7706422018348624,-1.672718,-2.3179474
Knowledge Element 643,Eric,1,115.357,0.7614678899082569,-1.789793,-2.1497822
Knowledge Element 644,Eric,1,119.468,0.7431192660550459,-1.3710403,-2.5012856
Knowledge Element 645,Eric,1,91.534,0.7339449541284404,-0.8950672,-2.8353615
Knowledge Element 646,Eric,1,103.225,0.7247706422018348,-0.89779854,-2.5820732
Knowledge Element 647,Eric,1,112.68,0.7155963302752294,-0.696661,-2.3865795
Knowledge Element 648,Eric,1,128.023,0.7064220183486238,-0.9400883,-2.1094456
Knowledge Element 649,Eric,1,100.13,0.6972477064220184,-1.624197,-2.2371178
Knowledge Element 650,Eric,1,153.766,0.6880733944954128,4.6630783,-2.7625732
Knowledge Element 651,Eric,1,161.089,0.6788990825688074,3.0460396,-4.907978
Knowledge Element 652,Eric,1,146.503,0.6697247706422018,3.3357315,-5.189413
Knowledge Element 653,Eric,1,137.499,0.6605504587155964,3.2388878,-7.7746935
Knowledge Element 654,Eric,1,110.359,0.6467889908256881,4.2199135,2.3281307
Knowledge Element 655,Eric,1,141.02,0.6330275229357798,4.1038513,2.9502583
Knowledge Element 656,Eric,1,126.131,0.6467889908256881,4.7425385,-6.97143
Knowledge Element 657,Eric,1,98.5551,0.6238532110091743,4.553192,-6.7825184
Knowledge Element 658,Eric,1,69.8413,0.6146788990825688,4.726063,-7.0425653
Knowledge Element 659,Eric,1,79.9193,0.6055045871559633,4.809868,-7.1345253
Knowledge Element 660,Eric,1,102.819,0.5963302752293578,4.592697,-6.9684763
Knowledge Element 661,Eric,1,122.517,0.5825688073394495,4.462574,-6.632411
Knowledge Element 662,Eric,1,116.675,0.5688073394495413,4.2104454,-6.5843716
Knowledge Element 663,Eric,1,133.263,0.5596330275229358,3.2683144,-6.0772676
Knowledge Element 664,Eric,1,133.204,0.5504587155963303,3.5457077,-6.1824245
Knowledge Element 665,Eric,1,100.355,0.5412844036697247,4.5710907,-6.9086933
Knowledge Element 666,Eric,1,100.38,0.5229357798165137,4.6431694,-6.594181
Knowledge Element 667,Eric,1,101.254,0.5045871559633027,4.910145,-6.1430016
Knowledge Element 668,Eric,1,145.109,0.4908256880733945,5.054268,-5.9369917
Knowledge Element 669,Eric,1,205.918,0.5825688073394495,3.3421402,5.325363
Knowledge Element 670,Eric,1,166.834,0.5229357798165137,2.667263,-8.40814
Knowledge Element 671,Eric,1,135.944,0.4908256880733945,2.4951973,-7.829299
Knowledge Element 672,Eric,1,101.093,0.47706422018348627,2.3968582,-6.97775
Knowledge Element 673,Eric,1,106.176,0.46788990825688076,2.4556618,-6.988245
Knowledge Element 674,Eric,1,89.7317,0.4541284403669725,2.4696884,-6.98236
Knowledge Element 675,Eric,1,97.7646,0.44036697247706424,2.212288,-6.800065
Knowledge Element 676,Eric,1,91.8966,0.42660550458715596,2.1801453,-7.0082893
Knowledge Element 677,Eric,1,82.1173,0.41284403669724773,2.0401917,-6.8437243
Knowledge Element 678,Eric,1,63.368,0.4036697247706422,1.836113,-6.691331
Knowledge Element 679,Eric,1,74.6134,0.38990825688073394,1.5891037,-6.3206015
Knowledge Element 680,Eric,1,88.9825,0.3761467889908257,1.3981705,-5.599306
Knowledge Element 681,Eric,1,95.416,0.3577981651376147,1.2116776,-5.1124763
Knowledge Element 682,Eric,1,102.281,0.3394495412844037,1.1934662,-4.697014
Knowledge Element 683,Eric,1,103.966,0.3577981651376147,1.3226471,-4.206249
Knowledge Element 684,Eric,1,112.896,0.3577981651376147,1.5097275,-3.2163067
Knowledge Element 685,Eric,1,100.289,0.3302752293577982,1.4913445,-3.3403206
Knowledge Element 686,Eric,1,170.899,0.7522935779816514,1.3699646,-3.4144096
Knowledge Element 687,Eric,1,232.185,0.9311926605504587,1.0934982,-2.8189793
Knowledge Element 688,Eric,1,200.334,0.7889908256880734,1.1250534,6.2451878
Knowledge Element 689,Eric,1,151.46,0.3211009174311927,3.9096527,3.2428303
Knowledge Element 690,Eric,1,153.086,0.3119266055045872,2.9644852,-6.1340446
Knowledge Element 691,Eric,1,165.488,0.2981651376146789,3.179287,-7.088134
Knowledge Element 692,Eric,1,282.74,1.0,3.2083397,-7.779908
Knowledge Element 693,Eric,1,309.72,0.9908256880733946,6.852314,-4.6071606
Knowledge Element 694,Eric,1,202.905,0.2798165137614679,5.272049,9.426048
Knowledge Element 695,Eric,1,144.446,0.2798165137614679,5.2181015,9.695944
Knowledge Element 696,Eric,1,112.538,0.24770642201834864,1.7925186,-3.0824814
Knowledge Element 697,Eric,1,102.191,0.22018348623853212,3.0708656,-5.85707
Knowledge Element 698,Eric,1,122.02,0.21100917431192662,2.5994072,-5.30538
Knowledge Element 699,Eric,1,121.005,0.19724770642201836,6.600254,-4.5037155
Knowledge Element 700,Eric,1,170.577,0.1834862385321101,6.4470215,-4.1541824
Knowledge Element 701,Eric,1,185.299,0.4541284403669725,2.66848,-2.904541
Knowledge Element 702,Eric,1,131.592,0.23394495412844038,3.9081383,-3.5318737
Knowledge Element 703,Eric,1,127.333,0.25688073394495414,4.318035,-3.7840652
Knowledge Element 704,Eric,1,115.669,0.14678899082568808,4.358967,-3.811428
Knowledge Element 705,Eric,1,122.186,0.13761467889908258,4.4117928,-3.8435364
Knowledge Element 706,Eric,1,165.777,0.38990825688073394,4.4998283,-3.7764244
Knowledge Element 707,Eric,1,218.877,0.9541284403669725,4.431507,-3.6693172
Knowledge Element 708,Eric,1,170.862,0.16972477064220184,4.2789764,-3.7494106
Knowledge Element 709,Eric,1,144.916,0.1559633027522936,1.8556633,-2.569397
Knowledge Element 710,Eric,1,116.851,0.16972477064220184,1.8239708,-3.0473957
Knowledge Element 711,Eric,1,160.925,0.11926605504587157,3.4207077,-5.3680515
Knowledge Element 712,Eric,1,218.808,0.2981651376146789,4.762821,-7.1744776
Knowledge Element 713,Eric,1,259.343,0.981651376146789,4.386772,-6.560771
Knowledge Element 714,Eric,1,253.468,0.9174311926605505,3.2845116,-5.8938026
Knowledge Element 715,Eric,1,229.148,0.26605504587155965,2.894455,5.487549
Knowledge Element 716,Eric,1,231.739,0.19724770642201836,3.0653954,-5.096014
Knowledge Element 717,Eric,1,228.124,0.23394495412844038,6.269905,0.07813263
Knowledge Element 718,Eric,1,105.059,0.09174311926605505,-9.218086,-2.846138
Knowledge Element 719,Eric,1,122.472,0.08256880733944955,-9.479761,-2.7043247
Knowledge Element 720,Eric,1,115.087,0.06880733944954129,-9.402334,-2.4682388
Knowledge Element 721,Eric,1,110.191,0.045871559633027525,-8.871887,-1.8028355
Knowledge Element 722,Eric,1,162.092,0.045871559633027525,-8.140638,-1.1630039
Knowledge Element 723,Eric,1,214.366,0.06880733944954129,-7.798216,-0.76810837
Knowledge Element 724,Eric,1,219.717,0.12844036697247707,-3.90312,1.6352692
Knowledge Element 725,Eric,1,191.23,0.10550458715596331,-1.5168457,2.079914
Knowledge Element 726,Eric,1,157.534,0.045871559633027525,-1.9606133,-1.6053772
Knowledge Element 727,Eric,1,143.272,0.027522935779816515,-1.8990479,-1.8531113
Knowledge Element 728,Eric,1,250.791,0.5229357798165137,-1.9171772,-1.86446
Knowledge Element 729,Eric,1,210.126,0.42660550458715596,4.7084465,-7.0392523
Knowledge Element 730,Eric,1,155.92,0.10550458715596331,4.7802696,-7.000306
Knowledge Element 731,Eric,1,98.7739,0.01834862385321101,6.466728,-2.5914116
Knowledge Element 732,Eric,1,64.018,0.009174311926605505,6.703701,-2.561823
Knowledge Element 733,Jon,2,115.785,0.43956043956043955,-0.0906086,-3.794363
Knowledge Element 734,Jon,2,174.789,0.45054945054945056,-0.4156742,-3.850586
Knowledge Element 735,Jon,2,192.964,0.5879120879120879,4.8885384,-0.4591713
Knowledge Element 736,Jon,2,122.012,0.34615384615384615,1.1400986,-1.7584229
Knowledge Element 737,Jon,2,224.064,0.5274725274725275,1.470974,-1.6414814
Knowledge Element 738,Jon,2,212.244,0.6483516483516484,1.1870651,1.3008194
Knowledge Element 739,Jon,2,162.851,0.5494505494505495,-7.684025,-4.3981037
Knowledge Element 740,Jon,2,129.237,0.3241758241758242,-7.5613346,-4.319832
Knowledge Element 741,Jon,2,197.445,0.4010989010989011,-1.2976665,-4.6115093
Knowledge Element 742,Jon,2,227.542,0.3791208791208791,-1.8297958,-5.17367
Knowledge Element 743,Jon,2,193.542,0.2692307692307692,3.045704,-2.9186802
Knowledge Element 744,Jon,2,165.753,0.24175824175824176,2.620926,-1.896719
Knowledge Element 745,Jon,2,151.44,0.3021978021978022,2.5158691,-1.906908
Knowledge Element 746,Jon,2,92.5844,0.23076923076923078,2.741993,-1.8138428
Knowledge Element 747,Jon,2,103.719,0.21978021978021978,2.7500114,-1.6809044
Knowledge Element 748,Jon,2,179.623,0.3626373626373626,0.04026413,-7.201828
Knowledge Element 749,Jon,2,248.016,0.7582417582417582,-8.06374,-4.2035236
Knowledge Element 750,Jon,2,290.342,0.945054945054945,6.712612,-1.5361767
Knowledge Element 751,Jon,2,90.0528,0.2087912087912088,-0.19857216,-3.7127438
Knowledge Element 752,Jon,2,162.651,0.3021978021978022,4.2145805,0.28479195
Knowledge Element 753,Jon,2,173.022,0.42857142857142855,1.3051262,-3.037634
Knowledge Element 754,Jon,2,243.499,0.9340659340659341,4.799576,-3.0674782
Knowledge Element 755,Jon,2,238.417,0.5054945054945055,3.2623253,-5.0569725
Knowledge Element 756,Jon,2,150.786,0.2692307692307692,4.0396843,-1.0753899
Knowledge Element 757,Jon,2,135.842,0.1978021978021978,3.4006577,-0.89460945
Knowledge Element 758,Jon,2,297.021,0.9560439560439561,3.7706718,2.999998
Knowledge Element 759,Jon,2,164.505,0.4010989010989011,0.9877167,-2.8014183
Knowledge Element 760,Jon,2,190.514,0.6263736263736264,0.9065285,-2.1181087
Knowledge Element 761,Jon,2,128.59,0.1813186813186813,2.5050964,0.6061325
Knowledge Element 762,Jon,2,207.905,0.6923076923076923,2.5853615,0.3648224
Knowledge Element 763,Jon,2,280.838,0.9230769230769231,2.268036,-0.18873978
Knowledge Element 764,Jon,2,298.6,0.8021978021978022,-1.5358429,1.8071575
Knowledge Element 765,Jon,2,232.301,0.6373626373626373,5.243244,0.011648178
Knowledge Element 766,Jon,2,252.453,0.5714285714285714,3.4444084,0.14249039
Knowledge Element 767,Jon,2,296.178,0.7692307692307693,6.4714813,-4.55138
Knowledge Element 768,Jon,2,194.182,0.3241758241758242,4.1548996,-3.567194
Knowledge Element 769,Jon,2,151.679,0.3791208791208791,4.3055267,-3.7271976
Knowledge Element 770,Jon,2,237.043,0.8131868131868132,8.660149,0.38622284
Knowledge Element 771,Jon,2,246.205,0.6648351648351648,2.4380112,-0.08750534
Knowledge Element 772,Jon,2,117.711,0.16483516483516483,-9.10247,-2.6905785
Knowledge Element 773,Jon,2,225.035,0.5384615384615384,5.6436806,-1.2336712
Knowledge Element 774,Jon,2,216.535,0.489010989010989,-0.16254425,-3.6252651
Knowledge Element 775,Jon,2,230.988,0.6153846153846154,1.3494072,-1.763464
Knowledge Element 776,Jon,2,208.986,0.2692307692307692,1.3437576,-1.5186462
Knowledge Element 777,Jon,2,249.389,0.7472527472527473,-5.3836594,-0.97184944
Knowledge Element 778,Jon,2,280.745,0.8461538461538461,8.560776,1.6498299
Knowledge Element 779,Jon,2,286.004,0.8791208791208791,9.595436,-0.5691185
Knowledge Element 780,Jon,2,276.487,0.7912087912087912,6.9893,-3.3318787
Knowledge Element 781,Jon,2,208.798,0.6648351648351648,0.8543167,-3.177414
Knowledge Element 782,Jon,2,191.507,0.6813186813186813,0.5941696,-3.5211926
Knowledge Element 783,Jon,2,292.117,0.967032967032967,2.1155243,0.57024574
Knowledge Element 784,Jon,2,152.376,0.15384615384615385,0.08338547,-3.7432442
Knowledge Element 785,Jon,2,146.906,0.14285714285714285,-7.640175,-4.392826
Knowledge Element 786,Jon,2,172.504,0.12637362637362637,4.1341133,-1.4394016
Knowledge Element 787,Jon,2,136.607,0.12637362637362637,-8.241331,-3.9838314
Knowledge Element 788,Jon,2,207.066,0.34615384615384615,-7.639908,-4.3511734
Knowledge Element 789,Jon,2,209.658,0.2692307692307692,4.1167717,-1.4033127
Knowledge Element 790,Jon,2,169.784,0.08791208791208792,2.379074,-5.2358227
Knowledge Element 791,Jon,2,152.8,0.07692307692307693,8.747871,-0.486475
Knowledge Element 792,Jon,2,251.549,0.7362637362637363,-7.533169,-2.5139618
Knowledge Element 793,Jon,2,243.564,0.5164835164835165,8.489281,3.9672623
Knowledge Element 794,Jon,2,280.475,0.7252747252747253,2.5696754,5.3149242
Knowledge Element 795,Jon,2,310.481,0.8681318681318682,6.7557907,4.315155
Knowledge Element 796,Jon,2,248.104,0.8351648351648352,1.1020775,-3.229927
Knowledge Element 797,Jon,2,141.699,0.06593406593406594,1.9637108,-1.360487
Knowledge Element 798,Jon,2,213.949,0.489010989010989,-3.2795696,2.461115
Knowledge Element 799,Jon,2,196.566,0.1813186813186813,-0.55039024,6.2370663
Knowledge Element 800,Jon,2,255.613,0.989010989010989,1.2372246,-2.7163143
Knowledge Element 801,Jon,2,218.862,0.6043956043956044,0.91337204,-0.9021263
Knowledge Element 802,Jon,2,213.421,0.4725274725274725,0.07296562,-1.9809742
Knowledge Element 803,Jon,2,270.65,0.8571428571428571,-5.8351727,-2.2987576
Knowledge Element 804,Jon,2,336.29,0.978021978021978,5.4351654,-0.9884167
Knowledge Element 805,Jon,2,253.914,1.0,0.92399216,-2.7598724
Knowledge Element 806,Jon,2,269.262,0.8241758241758241,1.782856,-2.2959213
Knowledge Element 807,Jon,2,152.482,0.0989010989010989,4.1430016,-3.5993977
Knowledge Element 808,Jon,2,300.286,0.9120879120879121,3.3628578,-5.1933365
Knowledge Element 809,Jon,2,191.321,0.46153846153846156,4.0172653,-3.3869724
Knowledge Element 810,Jon,2,318.136,0.8901098901098901,-0.48400688,-0.79123497
Knowledge Element 811,Jon,2,281.478,0.5879120879120879,-0.3409214,6.4102077
Knowledge Element 812,Jon,2,225.662,0.7032967032967034,4.064625,2.7281494
Knowledge Element 813,Jon,2,205.528,0.7142857142857143,-9.180498,-2.3136864
Knowledge Element 814,Jon,2,175.573,0.4175824175824176,-8.3564415,-3.8085232
Knowledge Element 815,Jon,2,228.881,0.7802197802197802,-9.214888,-3.583294
Knowledge Element 816,Jon,2,290.403,0.9010989010989011,4.2399826,-1.4012146
Knowledge Element 817,Jon,2,247.036,0.5604395604395604,0.5210533,3.97192
Knowledge Element 818,Jon,2,124.427,0.054945054945054944,-2.501936,4.1938553
Knowledge Element 819,Jon,2,130.71,0.04395604395604396,-2.3308125,4.486866
Knowledge Element 820,Jon,2,144.579,0.03296703296703297,-2.5993233,-6.225829
Knowledge Element 821,Jon,2,119.022,0.02197802197802198,4.59214,-5.935625
Knowledge Element 822,Jon,2,136.432,0.01098901098901099,4.698372,-6.037939
Knowledge Element 823,Jon,2,242.159,0.10989010989010989,-6.1277676,-1.3863907
