index,category,description,influenceDistance,pct,x,y
1,0,Bonnie,133.152,0.9983948635634029,-27.228767,-0.9186666
2,0,Bonnie,181.442,1.0,-23.612986,-5.260421
3,0,Bonnie,47.0505,0.9967897271268058,-21.549755,-4.385108
4,0,Bonnie,13.4032,0.9951845906902087,-27.149788,1.100564
5,0,Bonnie,8.30969,0.9935794542536116,-26.875088,0.6873872
6,0,Bonnie,10.8402,0.9919743178170144,-26.873123,-0.14256692
7,0,Bonnie,12.5625,0.9903691813804173,-27.380156,-0.7870252
8,0,Bonnie,15.2097,0.9887640449438202,-25.231335,0.7003598
9,0,Bonnie,10.3379,0.9871589085072231,-23.25074,0.22133946
10,0,Bonnie,8.15479,0.985553772070626,-24.19847,-1.28567
11,0,Bonnie,8.92634,0.9839486356340289,-25.015846,-1.8250165
12,0,Bonnie,13.1973,0.9823434991974318,-27.14682,-2.2672248
13,0,Bonnie,20.6405,0.9807383627608347,-23.116741,0.5550263
14,0,Bonnie,14.5392,0.9791332263242376,-24.00939,0.7347164
15,0,Bonnie,13.8648,0.9775280898876404,-26.366673,-0.7420213
16,0,Bonnie,20.4916,0.9759229534510433,-27.14205,0.5538819
17,0,Bonnie,26.797,0.9743178170144462,-27.4176,-0.4314201
18,0,Bonnie,43.7849,0.9727126805778491,-23.789072,-4.281824
19,0,Bonnie,39.9572,0.971107544141252,7.5974846,-7.660035
20,0,Bonnie,26.1769,0.9695024077046549,-25.569271,1.1043856
21,0,Bonnie,22.7727,0.9678972712680578,-24.270401,3.1587467
22,0,Bonnie,14.3334,0.9662921348314607,-23.994114,3.1369529
23,0,Bonnie,19.3269,0.9646869983948636,-30.0,0.07808232
24,0,Bonnie,19.8822,0.9630818619582665,-28.603048,-0.90476274
25,0,Bonnie,23.0062,0.9614767255216693,-26.02964,1.3829327
26,0,Bonnie,21.7389,0.9598715890850722,-24.121136,-2.030538
27,0,Bonnie,26.3533,0.9582664526484751,-26.010246,-1.7441368
28,0,Bonnie,25.8412,0.956661316211878,-25.04795,-0.9505491
29,0,Bonnie,25.5013,0.9550561797752809,-27.557293,2.4508452
30,0,Bonnie,19.4309,0.9534510433386838,-28.641912,-0.49361014
31,0,Bonnie,17.7399,0.9518459069020867,-23.40106,-0.19033885
32,0,Bonnie,16.6862,0.9502407704654896,-25.224098,0.5398092
33,0,Bonnie,21.2317,0.9486356340288925,-22.955029,1.2201204
34,0,Bonnie,17.5648,0.9470304975922953,-24.88263,-1.8422098
35,0,Bonnie,20.8131,0.9454253611556982,-26.905638,-1.2493072
36,0,Bonnie,27.5222,0.9438202247191011,-27.15813,2.172256
37,0,Bonnie,22.2158,0.942215088282504,-23.651974,1.5515127
38,0,Bonnie,40.5893,0.9406099518459069,-23.957163,0.7104564
39,0,Bonnie,32.1389,0.9390048154093098,-29.697355,-0.5777557
40,0,Bonnie,25.6573,0.9373996789727127,-22.760025,-0.17551732
41,0,Bonnie,29.9499,0.9357945425361156,-24.963108,-1.523092
42,0,Bonnie,34.0641,0.9341894060995185,-24.550512,-1.2922647
43,0,Bonnie,37.1561,0.9325842696629213,-23.924742,2.5606256
44,0,Bonnie,32.5221,0.9309791332263242,-29.219542,1.1009881
45,0,Bonnie,32.1434,0.9293739967897271,-29.42383,0.33555722
46,0,Bonnie,34.3905,0.92776886035313,-22.887592,-0.30623317
47,0,Bonnie,42.2816,0.9261637239165329,-24.481333,-3.2673547
48,0,Bonnie,62.768,0.9245585874799358,-23.223488,-1.6325283
49,0,Bonnie,65.2279,0.9229534510433387,-26.066158,-0.1211586
50,0,Bonnie,53.7063,0.9213483146067416,-25.721054,-0.98534775
51,0,Bonnie,39.7183,0.9197431781701445,-28.635046,1.3570032
52,0,Bonnie,32.4495,0.9181380417335474,-26.903534,-4.9180527
53,0,Bonnie,26.9851,0.9165329052969502,-22.181595,0.29316115
54,0,Bonnie,28.0116,0.9149277688603531,-24.92566,-1.5255783
55,0,Bonnie,36.1839,0.913322632423756,-24.6241,-1.5466754
56,0,Bonnie,45.5473,0.9117174959871589,-27.032948,-1.8815703
57,0,Bonnie,54.1489,0.9101123595505618,-27.64457,2.0362859
58,0,Bonnie,42.9439,0.9085072231139647,-26.501982,2.2377205
59,0,Bonnie,68.1122,0.9069020866773676,1.636153,3.503387
60,0,Bonnie,25.5668,0.9052969502407705,1.4815503,3.3053513
61,0,Bonnie,27.0931,0.9036918138041734,0.18999432,3.2926798
62,0,Bonnie,30.2452,0.9020866773675762,0.56802267,3.1675172
63,0,Bonnie,38.8222,0.9004815409309791,0.61130285,3.0837007
64,0,Bonnie,35.0979,0.898876404494382,-0.10224726,2.9685974
65,0,Bonnie,30.7027,0.8972712680577849,-0.37133005,2.782515
66,0,Bonnie,21.688,0.8956661316211878,-0.6440517,2.797112
67,0,Bonnie,17.6503,0.8940609951845907,-0.23127647,3.1705942
68,0,Bonnie,17.9878,0.8924558587479936,0.0071768984,3.1356497
69,0,Bonnie,19.959,0.8908507223113965,0.13721667,2.9612575
70,0,Bonnie,26.902,0.8892455858747994,0.44956174,2.809144
71,0,Bonnie,28.84,0.8876404494382022,-0.3822172,2.085607
72,0,Bonnie,30.579,0.8860353130016051,-1.1560631,2.0537667
73,0,Bonnie,31.0836,0.884430176565008,-1.5423782,2.2349224
74,0,Bonnie,37.3518,0.8828250401284109,-1.8086076,2.2991824
75,0,Bonnie,31.8518,0.8812199036918138,-1.189553,2.4848914
76,0,Bonnie,21.4572,0.8796147672552167,0.34201604,2.2192225
77,0,Bonnie,16.3872,0.8780096308186196,1.5284568,1.8372159
78,0,Bonnie,23.7033,0.8764044943820225,1.6613204,1.610251
79,0,Bonnie,33.2408,0.8747993579454254,1.8807203,1.6032615
80,0,Bonnie,38.4723,0.8731942215088283,2.8568296,1.9104137
81,0,Bonnie,39.3615,0.8715890850722311,2.9782357,2.2789521
82,0,Bonnie,32.2364,0.869983948635634,2.8337998,2.9129162
83,0,Bonnie,30.5345,0.8683788121990369,3.4616737,2.8560019
84,0,Bonnie,27.0194,0.8667736757624398,2.9422293,2.9276376
85,0,Bonnie,25.5759,0.8651685393258427,2.5932732,2.8916588
86,0,Bonnie,31.1151,0.8635634028892456,3.3731284,2.929513
87,0,Bonnie,38.1478,0.8619582664526485,3.4625072,2.9116087
88,0,Bonnie,83.8137,0.8603531300160514,12.356398,-9.972524
89,0,Bonnie,43.1435,0.8587479935794543,11.973873,-9.785383
90,0,Bonnie,34.8553,0.8571428571428571,12.639573,-10.161205
91,0,Bonnie,31.6417,0.85553772070626,13.0508995,-10.239582
92,0,Bonnie,46.3166,0.8539325842696629,13.101015,-10.2264
93,0,Bonnie,52.107,0.8523274478330658,13.3680725,-10.365753
94,0,Bonnie,48.5221,0.8507223113964687,13.022962,-10.1911335
95,0,Bonnie,32.193,0.8491171749598716,12.398824,-9.939632
96,0,Bonnie,28.4625,0.8475120385232745,13.2193775,-10.298516
97,0,Bonnie,28.2689,0.8459069020866774,13.111744,-10.222296
98,0,Bonnie,27.8951,0.8443017656500803,13.073602,-10.201987
99,0,Bonnie,27.5407,0.8426966292134831,12.898615,-10.133951
100,0,Bonnie,33.4396,0.841091492776886,13.2460575,-10.305149
101,0,Bonnie,34.5188,0.8394863563402889,13.32365,-10.3298645
102,0,Bonnie,50.0136,0.8378812199036918,13.101462,-10.213972
103,0,Bonnie,41.329,0.8362760834670947,7.847599,1.1094639
104,0,Bonnie,24.7689,0.8346709470304976,6.9209547,1.2162116
105,0,Bonnie,20.9273,0.8330658105939005,4.764334,1.1470442
106,0,Bonnie,26.7663,0.8314606741573034,3.2100816,1.0357361
107,0,Bonnie,29.8888,0.8298555377207063,0.91972786,1.4210701
108,0,Bonnie,27.7085,0.8282504012841091,0.89148116,1.1924229
109,0,Bonnie,38.1024,0.826645264847512,-0.88363874,0.50498056
110,0,Bonnie,44.8038,0.8250401284109149,-1.7777241,0.77929187
111,0,Bonnie,45.5117,0.8234349919743178,-10.528572,-3.0799928
112,0,Bonnie,50.6798,0.8218298555377207,-17.178534,-0.12601447
113,0,Bonnie,44.0504,0.8202247191011236,-18.32457,-0.5196104
114,0,Bonnie,34.703,0.8186195826645265,-17.779057,-0.13042116
115,0,Bonnie,32.569,0.8170144462279294,-17.4212,0.16947842
116,0,Bonnie,37.1224,0.8154093097913323,-17.517406,-0.12410116
117,0,Bonnie,44.9964,0.8138041733547352,-18.76258,-0.711334
118,0,Bonnie,43.0006,0.812199036918138,-19.830564,-0.87976885
119,0,Bonnie,42.4952,0.8105939004815409,-21.248411,-1.8131597
120,0,Bonnie,29.2892,0.8089887640449438,-23.472097,-1.6693418
121,0,Bonnie,35.3108,0.8073836276083467,-23.316172,-2.8304558
122,0,Bonnie,63.6701,0.8057784911717496,-21.639385,-6.4443083
123,0,Bonnie,100.415,0.8041733547351525,-22.655964,-6.111241
124,0,Bonnie,160.18,0.8025682182985554,-19.715117,-4.43271
125,0,Bonnie,145.63,0.8009630818619583,-9.082359,-12.313411
126,0,Bonnie,116.706,0.7993579454253612,14.53525,8.8745575
127,0,Bonnie,71.8482,0.797752808988764,15.242394,8.602223
128,0,Bonnie,52.192,0.7961476725521669,17.181509,8.083216
129,0,Bonnie,41.8235,0.7945425361155698,17.367092,8.087379
130,0,Bonnie,31.7101,0.7929373996789727,18.10294,8.752993
131,0,Bonnie,33.3264,0.7913322632423756,16.087696,8.724349
132,0,Bonnie,33.7712,0.7897271268057785,15.921555,8.62462
133,0,Bonnie,34.9666,0.7881219903691814,17.031492,8.395842
134,0,Bonnie,31.7958,0.7865168539325843,17.783749,8.664921
135,0,Bonnie,32.2544,0.7849117174959872,16.58569,8.834351
136,0,Bonnie,35.3821,0.78330658105939,15.551924,8.50728
137,0,Bonnie,31.9658,0.7817014446227929,16.26728,8.08083
138,0,Bonnie,37.2137,0.7800963081861958,17.28855,7.26705
139,0,Bonnie,30.3141,0.7784911717495987,17.14144,6.70258
140,0,Bonnie,30.4173,0.7768860353130016,16.067802,6.9752483
141,0,Bonnie,32.1321,0.7752808988764045,15.941689,6.947169
142,0,Bonnie,30.8584,0.7736757624398074,17.889997,7.069539
143,0,Bonnie,23.912,0.7720706260032103,15.850997,6.5738025
144,0,Bonnie,23.6548,0.7704654895666132,15.621755,5.9816837
145,0,Bonnie,29.471,0.7688603531300161,17.250742,5.777903
146,0,Bonnie,34.0993,0.7672552166934189,17.827354,4.5409327
147,0,Bonnie,32.6868,0.7656500802568218,17.670784,3.1486917
148,0,Bonnie,34.5836,0.7640449438202247,8.964678,1.3877249
149,0,Bonnie,39.0094,0.7624398073836276,8.078945,1.2523456
150,0,Bonnie,40.8046,0.7608346709470305,6.542325,0.9309025
151,0,Bonnie,45.4052,0.7592295345104334,4.5847707,0.4767251
152,0,Bonnie,39.1924,0.7576243980738363,-12.009865,-3.4160264
153,0,Bonnie,54.2125,0.7560192616372392,-12.93718,-3.7643244
154,0,Bonnie,99.0589,0.7544141252006421,-13.484127,-4.038561
155,0,Bonnie,129.817,0.7528089887640449,-8.270947,-11.985036
156,0,Bonnie,92.2787,0.7512038523274478,-6.942292,-12.245321
157,0,Bonnie,48.3586,0.7495987158908507,-5.8367114,-12.865148
158,0,Bonnie,41.2042,0.7479935794542536,-5.4949512,-13.316284
159,0,Bonnie,43.4255,0.7463884430176565,-6.50006,-14.487091
160,0,Bonnie,43.7836,0.7447833065810594,-7.2452765,-15.0
161,0,Bonnie,37.4114,0.7431781701444623,-7.3627176,-14.891432
162,0,Bonnie,47.2329,0.7415730337078652,-7.3648024,-14.540065
163,0,Bonnie,56.7153,0.7399678972712681,-7.2569656,-14.360807
164,0,Bonnie,58.0182,0.7383627608346709,-7.236853,-14.673267
165,0,Bonnie,42.055,0.7367576243980738,-7.508931,-14.663426
166,0,Bonnie,36.5155,0.7351524879614767,-7.3746405,-14.561712
167,0,Bonnie,27.9902,0.7335473515248796,-7.4129114,-14.676117
168,0,Bonnie,32.2992,0.7319422150882825,-7.238595,-14.60846
169,0,Bonnie,35.3513,0.7303370786516854,-7.02802,-14.349232
170,0,Bonnie,41.0097,0.7287319422150883,-6.9294853,-14.115941
171,0,Bonnie,77.695,0.7271268057784912,-7.362864,-13.854609
172,0,Bonnie,102.64,0.7255216693418941,-4.4061794,-13.269194
173,0,Bonnie,124.69,0.723916532905297,-24.189468,-3.8182204
174,0,Bonnie,101.002,0.7223113964686998,-27.464493,2.3801622
175,0,Bonnie,96.9034,0.7207062600321027,-8.412468,-12.695684
176,0,Bonnie,90.5511,0.7191011235955056,-21.273232,-2.3026257
177,0,Bonnie,94.5952,0.7174959871589085,-25.298912,-1.8123987
178,0,Bonnie,84.4577,0.7158908507223114,-29.318542,0.66093063
179,0,Bonnie,68.538,0.7142857142857143,-27.647491,-2.7009788
180,0,Bonnie,87.5328,0.7126805778491172,-27.049026,-4.8137617
181,0,Bonnie,51.2498,0.7110754414125201,18.752687,1.9219408
182,0,Bonnie,42.3874,0.709470304975923,18.067793,2.0537882
183,0,Bonnie,45.3042,0.7078651685393258,12.6021385,-1.9025137
184,0,Bonnie,32.3885,0.7062600321027287,11.81241,-1.8582351
185,0,Bonnie,38.8676,0.7046548956661316,13.209139,-1.0052326
186,0,Bonnie,45.8271,0.7030497592295345,14.212204,-0.4983573
187,0,Bonnie,45.7793,0.7014446227929374,10.527973,-2.2930756
188,0,Bonnie,33.607,0.6998394863563403,10.870532,-2.8196783
189,0,Bonnie,33.2101,0.6982343499197432,7.562521,-2.6728263
190,0,Bonnie,36.3243,0.6966292134831461,7.589387,-1.7954757
191,0,Bonnie,33.1159,0.695024077046549,9.14373,-3.525208
192,0,Bonnie,41.2104,0.6934189406099518,8.182917,-3.908374
193,0,Bonnie,50.9586,0.6918138041733547,7.4898205,-4.3206034
194,0,Bonnie,73.7205,0.6902086677367576,-3.5176535,-4.793148
195,0,Bonnie,89.4557,0.6886035313001605,-16.307947,-3.6780267
196,0,Bonnie,99.9951,0.6869983948635634,-17.852495,-5.050003
197,0,Bonnie,72.0254,0.6853932584269663,-16.907555,-8.006975
198,0,Bonnie,81.4559,0.6837881219903692,-24.337051,-5.217793
199,0,Bonnie,66.1171,0.6821829855537721,-17.595982,-3.4252453
200,0,Bonnie,48.72,0.680577849117175,-14.992044,-3.0501616
201,0,Bonnie,36.1863,0.6789727126805778,-16.067007,-4.421917
202,0,Bonnie,39.7656,0.6773675762439807,-16.187584,-5.685438
203,0,Bonnie,49.9497,0.6757624398073836,-16.776346,-8.102535
204,0,Bonnie,55.982,0.6741573033707865,-16.361551,-8.039639
205,0,Bonnie,61.9171,0.6725521669341894,-13.74026,-7.662216
206,0,Bonnie,65.0159,0.6709470304975923,-16.31512,-6.4896393
207,0,Bonnie,68.0779,0.6693418940609952,-17.60672,-6.4054
208,0,Bonnie,80.8601,0.6677367576243981,-21.578545,-6.5959215
209,0,Bonnie,68.4013,0.666131621187801,-18.615812,-6.1224003
210,0,Bonnie,49.3136,0.6645264847512039,-16.812248,-8.033606
211,0,Bonnie,78.8594,0.6629213483146067,-19.572205,-6.8381176
212,0,Bonnie,78.0105,0.6613162118780096,-23.397339,-5.588703
213,0,Bonnie,67.1289,0.6597110754414125,-21.096092,-3.3320353
214,0,Bonnie,55.7261,0.6581059390048154,-19.077936,-4.302272
215,0,Bonnie,46.93,0.6565008025682183,-15.935368,-5.115811
216,0,Bonnie,53.7632,0.6548956661316212,-16.341484,-6.069553
217,0,Bonnie,73.2219,0.6532905296950241,-21.304855,-6.7808833
218,0,Bonnie,65.6685,0.651685393258427,-21.902159,-6.6813626
219,0,Bonnie,46.3157,0.6500802568218299,-14.4090185,-5.2496014
220,0,Bonnie,45.516,0.6484751203852327,-15.912298,-5.466351
221,0,Bonnie,53.9943,0.6468699839486356,-18.348492,-7.170129
222,0,Bonnie,60.5675,0.6452648475120385,-19.27653,-7.514581
223,0,Bonnie,60.4277,0.6436597110754414,-17.576658,-6.5746145
224,0,Bonnie,66.8956,0.6420545746388443,-20.891851,-5.7136445
225,0,Bonnie,73.2524,0.6404494382022472,-23.330032,-5.713565
226,0,Bonnie,60.9309,0.6388443017656501,-21.269556,-2.8713298
227,0,Bonnie,69.4598,0.637239165329053,-20.98516,-3.3692136
228,0,Bonnie,108.667,0.6356340288924559,-13.603097,-3.901414
229,0,Bonnie,113.272,0.6340288924558587,-11.304245,-9.955011
230,0,Bonnie,83.9391,0.6324237560192616,-10.043394,-10.44559
231,0,Bonnie,67.0809,0.6308186195826645,-8.055672,-11.285882
232,0,Bonnie,63.3051,0.6292134831460674,-6.6532097,-11.828866
233,0,Bonnie,58.9682,0.6276083467094703,-6.7439575,-11.759078
234,0,Bonnie,57.5501,0.6260032102728732,-6.841691,-11.723764
235,0,Bonnie,45.204,0.6243980738362761,-6.9693556,-11.602801
236,0,Bonnie,36.4728,0.622792937399679,-6.4893904,-11.444464
237,0,Bonnie,31.2268,0.6211878009630819,-6.4640703,-11.369759
238,0,Bonnie,64.8073,0.6195826645264848,-7.4439106,-11.14435
239,0,Bonnie,79.0825,0.6179775280898876,-7.4877415,-10.859177
240,0,Bonnie,71.1645,0.6163723916532905,-16.190582,-5.6852646
241,0,Bonnie,55.4744,0.6147672552166934,-16.69691,-5.7160783
242,0,Bonnie,62.2716,0.6131621187800963,-20.448174,-6.15601
243,0,Bonnie,60.0132,0.6115569823434992,-14.598441,-2.786841
244,0,Bonnie,67.449,0.6099518459069021,-13.602131,-1.874857
245,0,Bonnie,62.37,0.608346709470305,-18.110138,-4.478655
246,0,Bonnie,43.3581,0.6067415730337079,-17.50532,-3.8013253
247,0,Bonnie,54.508,0.6051364365971108,-14.41872,-6.012374
248,0,Bonnie,86.2691,0.6035313001605136,-13.933346,-7.6356225
249,0,Bonnie,104.671,0.6019261637239165,-9.436834,-11.134342
250,0,Bonnie,81.1348,0.6003210272873194,-7.920556,-11.563375
251,0,Bonnie,49.1637,0.5987158908507223,-7.018029,-11.680958
252,0,Bonnie,25.2435,0.5971107544141252,-6.098023,-11.765009
253,0,Bonnie,34.0708,0.5955056179775281,-6.067825,-11.500659
254,0,Bonnie,46.5635,0.593900481540931,-6.3837504,-11.0732155
255,0,Bonnie,53.0584,0.5922953451043339,-6.594693,-10.537221
256,0,Bonnie,58.8441,0.5906902086677368,-6.9848943,-10.526597
257,0,Bonnie,76.9674,0.5890850722311396,-7.582446,-9.91653
258,0,Bonnie,139.183,0.5874799357945425,-9.464243,-7.3068595
259,0,Bonnie,137.053,0.5858747993579454,5.8586407,-9.784088
260,0,Bonnie,125.643,0.5842696629213483,-8.606526,-7.333081
261,0,Bonnie,87.8641,0.5826645264847512,-14.336988,-3.3873246
262,0,Bonnie,62.6484,0.5810593900481541,-14.273201,-3.7183628
263,0,Bonnie,64.5976,0.579454253611557,-9.510772,-7.2657833
264,0,Bonnie,50.0177,0.5778491171749599,-9.500083,-7.31567
265,0,Bonnie,44.1306,0.5762439807383628,-9.283437,-7.3477006
266,0,Bonnie,41.7152,0.5746388443017657,-9.373811,-7.2054677
267,0,Bonnie,35.8524,0.5730337078651685,-9.922962,-6.741042
268,0,Bonnie,44.2048,0.5714285714285714,-8.819808,-7.4978685
269,0,Bonnie,134.967,0.5698234349919743,-9.193745,-7.3336515
270,0,Bonnie,173.413,0.5682182985553772,-13.691279,-4.7184253
271,0,Bonnie,221.778,0.5666131621187801,-13.065476,-1.8959877
272,0,Bonnie,145.218,0.565008025682183,-16.762802,-3.2366753
273,0,Bonnie,128.388,0.5634028892455859,-5.7791586,-7.826354
274,0,Bonnie,87.6106,0.5617977528089888,-5.4562726,-8.183008
275,0,Bonnie,69.027,0.5601926163723917,-5.2871666,-8.215696
276,0,Bonnie,66.447,0.5585874799357945,-5.3526964,-8.344397
277,0,Bonnie,60.9877,0.5569823434991974,-5.5294447,-8.296158
278,0,Bonnie,50.7508,0.5553772070626003,-5.508506,-8.256607
279,0,Bonnie,35.6541,0.5537720706260032,-5.36315,-8.364476
280,0,Bonnie,40.8778,0.5521669341894061,-5.4627132,-8.340741
281,0,Bonnie,45.3328,0.5497592295345104,-5.3643603,-8.192234
282,0,Bonnie,52.302,0.5473515248796148,-5.448234,-8.116002
283,0,Bonnie,76.3535,0.5449438202247191,-4.887908,-7.9372883
284,0,Bonnie,66.4926,0.5425361155698234,-3.6384108,-7.762842
285,0,Bonnie,53.1075,0.5409309791332263,-2.8797498,-7.7975082
286,0,Bonnie,59.5327,0.5393258426966292,-2.007731,-7.3718505
287,0,Bonnie,54.5803,0.5377207062600321,-2.6287777,-7.212035
288,0,Bonnie,45.0841,0.536115569823435,-3.1746206,-7.049748
289,0,Bonnie,41.0989,0.5345104333868379,-2.9469159,-5.233518
290,0,Bonnie,52.5443,0.5329052969502408,-5.10834,-4.051548
291,0,Bonnie,51.6311,0.5313001605136437,-6.5438557,-2.4186995
292,0,Bonnie,46.9054,0.5296950240770465,-6.7223554,-1.7816191
293,0,Bonnie,37.7372,0.5280898876404494,-7.0423527,-1.5021601
294,0,Bonnie,36.9646,0.5264847512038523,-7.044252,-1.9429979
295,0,Bonnie,32.0534,0.5248796147672552,-6.800495,-1.701735
296,0,Bonnie,36.9833,0.5232744783306581,-6.580138,-1.6634653
297,0,Bonnie,47.1453,0.521669341894061,-6.6307364,-1.687377
298,0,Bonnie,61.6313,0.5192616372391653,-6.161535,-1.318222
299,0,Bonnie,112.186,0.5192616372391653,28.322966,-0.19212484
300,0,Bonnie,98.334,0.5168539325842697,29.05057,0.04117298
301,0,Bonnie,69.6336,0.5152487961476726,29.923239,0.44127703
302,0,Bonnie,63.1663,0.5136436597110754,29.676884,0.4012699
303,0,Bonnie,62.8731,0.5120385232744783,27.737751,-0.46157742
304,0,Bonnie,61.1337,0.5104333868378812,27.812115,-0.4234028
305,0,Bonnie,65.7314,0.5088282504012841,28.585896,-0.13519621
306,0,Bonnie,64.9423,0.507223113964687,29.856297,0.23613667
307,0,Bonnie,65.1548,0.5056179775280899,29.604692,0.3260343
308,0,Bonnie,54.7782,0.5040128410914928,29.539719,0.30409813
309,0,Bonnie,67.6032,0.5024077046548957,28.859177,0.088002205
310,0,Bonnie,73.1144,0.5008025682182986,28.075981,-0.2396586
311,0,Bonnie,50.2621,0.49919743178170145,28.017906,-0.36372328
312,0,Bonnie,51.2453,0.49759229534510435,30.000004,0.36929297
313,0,Bonnie,54.1604,0.4959871589085072,29.551468,0.32364535
314,0,Bonnie,58.7175,0.4943820224719101,29.570843,0.40111828
315,0,Bonnie,66.9657,0.492776886035313,28.202335,0.18915868
316,0,Bonnie,61.6749,0.4911717495987159,27.702423,-0.32877302
317,0,Bonnie,61.292,0.4895666131621188,29.27531,0.22851849
318,0,Bonnie,54.5228,0.48796147672552165,29.217918,0.15943766
319,0,Bonnie,59.8383,0.48635634028892455,28.126858,-0.26541567
320,0,Bonnie,54.892,0.48475120385232745,28.12112,-0.31569672
321,0,Bonnie,50.9663,0.48314606741573035,-15.500139,-5.360551
322,0,Bonnie,62.3733,0.48154093097913325,-21.707163,-6.737726
323,0,Bonnie,67.3354,0.4799357945425361,-21.785402,0.27916145
324,0,Bonnie,69.1105,0.478330658105939,-25.462105,-1.3411202
325,0,Bonnie,70.7738,0.4767255216693419,-25.122854,1.7165351
326,0,Bonnie,52.4775,0.4751203852327448,-25.357769,1.7427363
327,0,Bonnie,48.4206,0.47351524879614765,-22.99955,0.39917636
328,0,Bonnie,93.5709,0.47191011235955055,-11.90502,5.774437
329,0,Bonnie,90.0522,0.47030497592295345,-11.666528,5.382657
330,0,Bonnie,76.0596,0.46869983948635635,-8.197687,4.575006
331,0,Bonnie,73.6752,0.46709470304975925,7.0267286,6.8510714
332,0,Bonnie,72.7504,0.4654895666131621,7.6552715,6.850901
333,0,Bonnie,77.156,0.463884430176565,8.3587885,6.679473
334,0,Bonnie,92.5496,0.4622792937399679,9.188003,6.467102
335,0,Bonnie,106.199,0.4606741573033708,10.627174,5.986546
336,0,Bonnie,108.515,0.4590690208667737,12.470175,4.8427963
337,0,Bonnie,87.9189,0.45746388443017655,12.639524,4.043455
338,0,Bonnie,62.9093,0.45585874799357945,12.644877,3.8286781
339,0,Bonnie,69.0673,0.45425361155698235,12.7923975,3.8085737
340,0,Bonnie,108.347,0.45264847512038525,12.537841,3.4295669
341,0,Bonnie,132.711,0.4510433386837881,-0.5690769,-11.442987
342,0,Bonnie,96.6422,0.449438202247191,-0.48394138,-11.335909
343,0,Bonnie,90.7292,0.4478330658105939,-6.2330847,-11.442793
344,0,Bonnie,78.4561,0.4462279293739968,-6.300034,-11.529555
345,0,Bonnie,91.8926,0.4446227929373997,-6.637938,-10.530802
346,0,Bonnie,135.79,0.44301765650080255,-7.0493097,-10.057398
347,0,Bonnie,141.002,0.44141252006420545,-7.479372,-10.054271
348,0,Bonnie,147.045,0.43980738362760835,-17.861494,-2.375822
349,0,Bonnie,157.218,0.43820224719101125,-19.053478,-1.7030511
350,0,Bonnie,143.746,0.43659711075441415,-23.50432,-3.2699883
351,0,Bonnie,108.967,0.434991974317817,-24.415462,-3.010171
352,0,Bonnie,77.5408,0.43258426966292135,-4.716261,-13.479378
353,0,Bonnie,63.0387,0.4301765650080257,-5.2512474,-13.391975
354,0,Bonnie,63.8732,0.42857142857142855,-5.0385485,-13.327249
355,0,Bonnie,72.4761,0.42696629213483145,3.6975741,-10.18783
356,0,Bonnie,90.1156,0.42536115569823435,4.329584,-9.991746
357,0,Bonnie,77.9266,0.42375601926163725,6.118968,-9.931146
358,0,Bonnie,63.8334,0.42215088282504015,6.473569,-9.76392
359,0,Bonnie,57.3175,0.420545746388443,6.9294834,-9.503286
360,0,Bonnie,66.4489,0.4189406099518459,7.4383836,-8.994703
361,0,Bonnie,72.3726,0.4173354735152488,7.2443514,-8.889438
362,0,Bonnie,117.008,0.4157303370786517,-2.0218508,-5.083334
363,0,Bonnie,119.917,0.41412520064205455,-1.3582379,-4.394364
364,0,Bonnie,127.786,0.41252006420545745,6.5575466,-1.2795768
365,0,Bonnie,136.362,0.41091492776886035,6.1759195,-1.4517696
366,0,Bonnie,124.186,0.40930979133226325,-10.429223,-4.539323
367,0,Bonnie,67.0801,0.40770465489566615,-10.198618,-4.350484
368,0,Bonnie,56.0968,0.406099518459069,-18.451706,-1.7696722
369,0,Bonnie,76.4673,0.4044943820224719,-22.674835,-1.9162996
370,0,Bonnie,80.4795,0.4028892455858748,-20.91811,1.8281507
371,0,Bonnie,105.413,0.4012841091492777,-26.9006,2.9496646
372,0,Bonnie,75.959,0.3996789727126806,-27.689987,-0.12098408
373,0,Bonnie,58.2283,0.39807383627608345,-18.735023,1.0551302
374,0,Bonnie,61.4227,0.39646869983948635,-18.427086,0.88354397
375,0,Bonnie,61.9388,0.39486356340288925,-25.640137,-0.5871377
376,0,Bonnie,108.182,0.39325842696629215,-24.429703,-3.9065938
377,0,Bonnie,159.497,0.391653290529695,-21.269878,-2.757499
378,0,Bonnie,76.939,0.3900481540930979,-7.993039,14.772423
379,0,Bonnie,56.9894,0.3884430176565008,-7.5487623,14.599128
380,0,Bonnie,54.9286,0.3868378812199037,-7.7348166,14.874232
381,0,Bonnie,40.3267,0.3852327447833066,-8.099129,14.777458
382,0,Bonnie,44.5508,0.3828250401284109,-8.063463,14.685133
383,0,Bonnie,53.6125,0.38041733547351525,-7.9650984,14.529696
384,0,Bonnie,84.4153,0.37881219903691815,-7.82135,14.983217
385,0,Bonnie,49.7255,0.37720706260032105,-7.8274393,14.977801
386,0,Bonnie,43.1772,0.37479935794542535,-7.8529744,14.901727
387,0,Bonnie,63.2784,0.3723916532905297,-7.879855,14.879248
388,0,Bonnie,50.2857,0.3707865168539326,-7.6236277,15.0
389,0,Bonnie,47.484,0.3683788121990369,-7.699291,14.915812
390,0,Bonnie,55.571,0.36597110754414125,-7.648057,14.847107
391,0,Bonnie,61.5791,0.36436597110754415,-7.7673297,14.9203005
392,0,Bonnie,81.2557,0.36276083467094705,-7.764696,14.85868
393,0,Bonnie,97.0092,0.3611556982343499,-7.903534,14.551801
394,0,Bonnie,88.051,0.3595505617977528,-7.326563,14.601468
395,0,Bonnie,140.437,0.35714285714285715,-11.56459,-1.8922398
396,0,Bonnie,166.991,0.3547351524879615,-10.966119,0.82473135
397,0,Bonnie,150.32,0.35714285714285715,-10.510552,0.9513953
398,0,Bonnie,77.2019,0.35313001605136435,7.5588613,6.8660345
399,0,Bonnie,66.683,0.35152487961476725,8.628783,6.58991
400,0,Bonnie,60.8864,0.34991974317817015,9.536465,6.3816347
401,0,Bonnie,81.1703,0.34831460674157305,11.599193,5.697723
402,0,Bonnie,101.695,0.3467094703049759,12.921093,5.5582695
403,0,Bonnie,152.537,0.3451043338683788,14.664106,5.509449
404,0,Bonnie,172.288,0.3434991974317817,17.567532,0.84572196
405,0,Bonnie,143.483,0.3418940609951846,-11.7444725,-5.836872
406,0,Bonnie,108.496,0.3402889245585875,-13.44423,-5.7650814
407,0,Bonnie,92.4067,0.33868378812199035,-14.28565,-5.7130594
408,0,Bonnie,83.6167,0.33707865168539325,4.1163263,-9.972896
409,0,Bonnie,71.9706,0.33547351524879615,3.9208422,-10.086415
410,0,Bonnie,70.8444,0.33386837881219905,0.81857824,-10.866959
411,0,Bonnie,72.9566,0.33226324237560195,-0.24318597,-10.989706
412,0,Bonnie,86.2053,0.3306581059390048,-1.4508557,-10.411179
413,0,Bonnie,102.304,0.3290529695024077,-1.111258,-9.8314
414,0,Bonnie,120.555,0.3274478330658106,-0.84540063,-9.768453
415,0,Bonnie,158.462,0.3258426966292135,-1.1778641,-9.661204
416,0,Bonnie,84.0929,0.32423756019261635,20.156734,4.8150716
417,0,Bonnie,51.9305,0.32263242375601925,19.85123,5.106418
418,0,Bonnie,51.8019,0.32102728731942215,20.18341,4.7996707
419,0,Bonnie,53.706,0.31942215088282505,20.48998,5.121899
420,0,Bonnie,66.459,0.31781701444622795,19.955227,5.5565987
421,0,Bonnie,70.8545,0.3162118780096308,19.826038,5.520102
422,0,Bonnie,67.0177,0.31380417335473515,20.312592,5.106364
423,0,Bonnie,90.4488,0.3113964686998395,19.710108,5.4667754
424,0,Bonnie,134.173,0.3097913322632424,19.061308,5.730931
425,0,Bonnie,146.272,0.30818619582664525,-14.0395,-1.7774885
426,0,Bonnie,127.242,0.30658105939004815,-14.142011,-2.0610745
427,0,Bonnie,94.9987,0.3041733547351525,-12.870676,-1.8153656
428,0,Bonnie,84.02,0.3017656500802568,-13.136309,-0.6968014
429,0,Bonnie,66.7508,0.3001605136436597,-14.004372,-1.8141661
430,0,Bonnie,51.0757,0.2985553772070626,-14.099991,-2.160091
431,0,Bonnie,46.427,0.2969502407704655,-13.338638,-1.80599
432,0,Bonnie,60.9701,0.2953451043338684,-11.702847,-1.088366
433,0,Bonnie,51.3857,0.29373996789727125,-13.232691,-1.679143
434,0,Bonnie,42.011,0.29213483146067415,-13.3186035,-1.5653
435,0,Bonnie,48.528,0.29052969502407705,-13.260352,-1.5150933
436,0,Bonnie,64.0761,0.28892455858747995,-12.760035,-1.5370231
437,0,Bonnie,87.9571,0.28731942215088285,-12.580393,-1.4703841
438,0,Bonnie,130.61,0.2857142857142857,13.104038,6.7345476
439,0,Bonnie,113.53,0.2841091492776886,14.275951,6.3808036
440,0,Bonnie,101.965,0.2825040128410915,15.181855,5.9559903
441,0,Bonnie,130.623,0.2808988764044944,16.721033,5.2479486
442,0,Bonnie,131.028,0.27929373996789725,17.863598,4.48432
443,0,Bonnie,113.64,0.27768860353130015,17.695847,2.3427114
444,0,Bonnie,91.4033,0.2752808988764045,16.623495,1.2619107
445,0,Bonnie,78.7708,0.27287319422150885,12.128858,-1.4509699
446,0,Bonnie,87.0731,0.2712680577849117,10.9774685,-1.6569872
447,0,Bonnie,84.7558,0.2696629213483146,9.668979,-1.710165
448,0,Bonnie,70.318,0.2680577849117175,8.813267,-2.1050699
449,0,Bonnie,85.9844,0.2664526484751204,8.527125,-2.4326878
450,0,Bonnie,142.537,0.26484751203852325,6.5792212,-3.0355003
451,0,Bonnie,152.781,0.26324237560192615,2.622037,-8.788076
452,0,Bonnie,120.146,0.26163723916532905,2.374045,-8.789215
453,0,Bonnie,127.226,0.26003210272873195,2.327673,-8.626583
454,0,Bonnie,128.947,0.25842696629213485,-17.726845,-4.996669
455,0,Bonnie,102.936,0.2568218298555377,4.392342,-5.5761747
456,0,Bonnie,86.7884,0.2552166934189406,6.4376736,-6.5071635
457,0,Bonnie,128.366,0.2536115569823435,8.767194,-6.140658
458,0,Bonnie,124.247,0.2520064205457464,-16.632973,-4.8001766
459,0,Bonnie,164.584,0.2504012841091493,-26.060583,-5.3640995
460,0,Bonnie,97.0188,0.24879614767255218,7.708153,6.691505
461,0,Bonnie,90.861,0.24719101123595505,9.413772,6.41717
462,0,Bonnie,75.6091,0.24558587479935795,10.827299,6.4506326
463,0,Bonnie,71.6355,0.24398073836276082,12.205349,6.1536484
464,0,Bonnie,74.8242,0.24237560192616373,14.656669,5.9787197
465,0,Bonnie,92.6686,0.24077046548956663,15.203582,5.194565
466,0,Bonnie,125.505,0.2391653290529695,14.767304,0.22074294
467,0,Bonnie,161.7,0.2375601926163724,-5.4280853,-4.1728573
468,0,Bonnie,159.357,0.23595505617977527,-13.417929,-5.8009048
469,0,Bonnie,112.0,0.23434991974317818,-14.180811,-5.509985
470,0,Bonnie,104.415,0.23274478330658105,-15.407572,-5.4900293
471,0,Bonnie,132.228,0.23113964686998395,-20.757278,-6.8462563
472,0,Bonnie,135.995,0.22953451043338685,12.516171,4.957589
473,0,Bonnie,135.295,0.22792937399678972,13.24671,3.8545103
474,0,Bonnie,110.31,0.22552166934189405,12.586999,0.2990992
475,0,Bonnie,88.8835,0.2231139646869984,11.853888,-0.44022846
476,0,Bonnie,85.702,0.22150882825040127,11.802226,-0.7095709
477,0,Bonnie,84.7676,0.21910112359550563,12.364503,-1.4402618
478,0,Bonnie,98.1777,0.21669341894060995,11.810015,-1.9027262
479,0,Bonnie,113.795,0.21348314606741572,10.752926,-3.0089478
480,0,Bonnie,142.279,0.22552166934189405,10.293639,-2.7535415
481,0,Bonnie,99.0194,0.21348314606741572,1.0567039,-10.672931
482,0,Bonnie,135.711,0.2102728731942215,3.5630515,-9.172878
483,0,Bonnie,122.042,0.2086677367576244,3.6031158,-9.0682
484,0,Bonnie,125.648,0.20706260032102727,2.5886004,-9.119913
485,0,Bonnie,122.527,0.20545746388443017,0.6370141,-9.648413
486,0,Bonnie,132.439,0.20385232744783308,-0.8333325,-9.788067
487,0,Bonnie,189.301,0.21910112359550563,-15.795069,-5.823447
488,0,Bonnie,155.679,0.20224719101123595,-17.872663,-6.9469013
489,0,Bonnie,140.321,0.20064205457463885,-21.503784,-7.012941
490,0,Bonnie,80.4202,0.19903691813804172,17.726904,7.652066
491,0,Bonnie,72.079,0.19743178170144463,16.657845,6.80173
492,0,Bonnie,70.1076,0.1958266452648475,18.908768,6.3532276
493,0,Bonnie,69.8981,0.1942215088282504,18.85232,6.2864027
494,0,Bonnie,69.4321,0.1926163723916533,16.793785,6.8926134
495,0,Bonnie,60.2628,0.19101123595505617,16.566452,7.118507
496,0,Bonnie,62.8832,0.18940609951845908,18.305832,6.53495
497,0,Bonnie,57.3506,0.18780096308186195,17.031227,6.600702
498,0,Bonnie,72.2585,0.18619582664526485,16.427496,6.6798034
499,0,Bonnie,88.8309,0.18459069020866772,18.685087,6.4234014
500,0,Bonnie,91.0065,0.18298555377207062,19.133402,6.345377
501,0,Bonnie,100.238,0.18138041733547353,20.456245,5.5043592
502,0,Bonnie,87.4913,0.1797752808988764,20.377926,5.5353427
503,0,Bonnie,74.8939,0.1781701444622793,20.138401,5.7519636
504,0,Bonnie,87.9045,0.17656500802568217,3.1614513,1.4570603
505,0,Bonnie,82.6089,0.17495987158908508,2.0976439,1.6593003
506,0,Bonnie,92.3848,0.17335473515248795,1.710547,1.6947742
507,0,Bonnie,103.766,0.17174959871589085,-7.8399057,4.4830713
508,0,Bonnie,95.1736,0.17014446227929375,-13.562334,0.480973
509,0,Bonnie,83.9029,0.16853932584269662,-22.286633,3.257462
510,0,Bonnie,71.6663,0.16693418940609953,-21.985685,2.4071388
511,0,Bonnie,69.6876,0.1653290529695024,-20.223156,1.6463656
512,0,Bonnie,67.2337,0.1637239165329053,-20.451384,1.3352594
513,0,Bonnie,55.2549,0.16211878009630817,-20.910131,1.9483037
514,0,Bonnie,68.5391,0.16051364365971107,-22.52334,-0.048285484
515,0,Bonnie,61.1657,0.15890850722311398,-22.071617,-0.4225273
516,0,Bonnie,70.1958,0.15730337078651685,-25.270267,1.7470522
517,0,Bonnie,72.4087,0.15569823434991975,-14.896673,1.8562417
518,0,Bonnie,76.4677,0.15409309791332262,-24.382307,0.26790833
519,0,Bonnie,78.2592,0.15248796147672553,-26.18308,0.14712882
520,0,Bonnie,58.9175,0.1508828250401284,-26.074596,1.5973992
521,0,Bonnie,56.0708,0.1492776886035313,-26.074894,1.7620211
522,0,Bonnie,62.7768,0.1476725521669342,-24.44167,-0.26970577
523,0,Bonnie,69.5592,0.14606741573033707,-25.619686,-0.4231181
524,0,Bonnie,59.0978,0.14446227929373998,-25.221066,2.0160127
525,0,Bonnie,51.896,0.14285714285714285,-24.35388,1.580163
526,0,Bonnie,190.701,0.14125200642054575,-4.7372646,-13.27898
527,0,Bonnie,158.471,0.13964686998394862,-23.763905,-3.9192538
528,0,Bonnie,182.303,0.13804173354735153,-22.241735,-6.4343195
529,0,Bonnie,101.796,0.13643659711075443,4.6462193,-9.001272
530,0,Bonnie,76.8633,0.1348314606741573,4.2285967,-8.893558
531,0,Bonnie,89.4577,0.1332263242375602,3.998658,-8.593775
532,0,Bonnie,86.2773,0.13162118780096307,4.813399,-8.802194
533,0,Bonnie,77.6014,0.13001605136436598,4.502356,-9.264122
534,0,Bonnie,82.5151,0.12841091492776885,4.4493313,-8.649281
535,0,Bonnie,75.7299,0.12680577849117175,4.8860636,-8.539141
536,0,Bonnie,62.5113,0.12520064205457465,4.1926837,-8.733867
537,0,Bonnie,67.1444,0.12359550561797752,4.70502,-8.686413
538,0,Bonnie,73.4962,0.12199036918138041,5.3013015,-8.327936
539,0,Bonnie,65.0994,0.12038523274478331,5.5816402,-8.432978
540,0,Bonnie,57.3864,0.1187800963081862,5.582097,-8.177386
541,0,Bonnie,76.4834,0.11717495987158909,5.9704247,-7.702722
542,0,Bonnie,83.2795,0.11476725521669343,7.046365,-6.665477
543,0,Bonnie,65.4745,0.11235955056179775,7.6097326,-5.693733
544,0,Bonnie,75.3947,0.11075441412520064,7.7655764,-5.577192
545,0,Bonnie,91.0864,0.10914927768860354,8.307436,-5.5749955
546,0,Bonnie,104.096,0.10754414125200643,9.358238,-2.621137
547,0,Bonnie,108.138,0.10593900481540931,10.777003,-3.3855407
548,0,Bonnie,77.2496,0.1043338683788122,8.082289,-5.0734076
549,0,Bonnie,76.0847,0.10272873194221509,7.670221,-4.418385
550,0,Bonnie,78.4902,0.10112359550561797,7.029049,-2.783902
551,0,Bonnie,77.7852,0.09951845906902086,9.77008,-2.5862231
552,0,Bonnie,84.1612,0.09791332263242375,10.981257,-2.1294515
553,0,Bonnie,67.4866,0.09630818619582665,7.398215,-4.358581
554,0,Bonnie,60.5477,0.09470304975922954,6.6139517,-3.9235382
555,0,Bonnie,85.4685,0.09309791332263243,10.54111,-2.7209244
556,0,Bonnie,70.7106,0.09069020866773676,8.639298,-2.2866147
557,0,Bonnie,74.5074,0.08828250401284109,7.1872272,-2.5292559
558,0,Bonnie,59.8438,0.08667736757624397,11.706291,-2.163949
559,0,Bonnie,60.0328,0.08507223113964688,11.82342,-2.9606674
560,0,Bonnie,72.9402,0.08346709470304976,11.072811,-2.4197674
561,0,Bonnie,78.5202,0.08186195826645265,11.32437,-2.5675135
562,0,Bonnie,82.209,0.08025682182985554,11.269579,-2.7196348
563,0,Bonnie,87.1324,0.07865168539325842,12.095235,-2.9253087
564,0,Bonnie,81.0883,0.07624398073836276,11.706688,-3.049472
565,0,Bonnie,56.7441,0.0738362760834671,11.295704,-2.8122604
566,0,Bonnie,89.1256,0.07223113964686999,10.908855,-3.645032
567,0,Bonnie,160.038,0.07624398073836276,9.7672205,-3.8818624
568,0,Bonnie,197.577,0.3683788121990369,7.5401616,-4.327702
569,0,Bonnie,100.884,0.07062600321027288,-17.087492,-5.3575134
570,0,Bonnie,96.706,0.06902086677367576,-16.992504,-5.741935
571,0,Bonnie,105.371,0.06741573033707865,-20.326002,-7.2885103
572,0,Bonnie,75.3372,0.06500802568218299,-17.780819,-5.8061733
573,0,Bonnie,63.3448,0.06260032102728733,-19.07541,-5.321797
574,0,Bonnie,95.7788,0.060995184590690206,-20.634748,-4.756801
575,0,Bonnie,80.25,0.0593900481540931,-19.203691,-7.3595395
576,0,Bonnie,85.5373,0.05778491171749599,-19.806759,-6.744188
577,0,Bonnie,77.989,0.05537720706260032,-20.47237,-5.5295887
578,0,Bonnie,90.4762,0.052969502407704656,-18.860645,-5.519541
579,0,Bonnie,81.0571,0.051364365971107544,-16.646753,-6.027144
580,0,Bonnie,57.1883,0.04975922953451043,-17.748695,-6.1944637
581,0,Bonnie,50.0689,0.04735152487961477,-21.017668,-6.4059663
582,0,Bonnie,83.5244,0.0449438202247191,-22.67826,-4.8689137
583,0,Bonnie,119.083,0.04333868378812199,-21.769852,-4.371608
584,0,Bonnie,140.206,0.06500802568218299,-19.36356,-4.6968665
585,0,Bonnie,94.5318,0.04173354735152488,-18.590925,-7.392912
586,0,Bonnie,209.666,0.37479935794542535,-19.537642,-7.518312
587,0,Bonnie,244.242,0.43258426966292135,-18.7349,-4.695321
588,0,Bonnie,248.614,0.3828250401284109,3.5924397,-5.537074
589,0,Bonnie,222.637,0.2752808988764045,-16.05251,-8.435277
590,0,Bonnie,131.018,0.04735152487961477,9.146919,-1.9570305
591,0,Bonnie,133.48,0.03932584269662921,9.395194,-2.081307
592,0,Bonnie,110.221,0.03531300160513644,11.559771,-2.3433344
593,0,Bonnie,136.237,0.03691813804173355,12.100885,-2.7298858
594,0,Bonnie,167.884,0.03932584269662921,12.637833,-2.9606366
595,0,Bonnie,199.12,0.31380417335473515,28.102531,-0.25727248
596,0,Bonnie,140.769,0.033707865168539325,-22.953608,-4.687727
597,0,Bonnie,183.656,0.05537720706260032,8.090388,-7.7058234
598,0,Bonnie,173.118,0.09069020866773676,8.386582,-4.759154
599,0,Bonnie,184.829,0.11476725521669343,-18.326029,-5.275481
600,0,Bonnie,223.065,0.5449438202247191,-19.829071,-7.4444947
601,0,Bonnie,216.397,0.3041733547351525,-6.5297084,-2.5109582
602,0,Bonnie,134.364,0.03210272873194221,-7.203619,-1.6304533
603,0,Bonnie,96.0777,0.030497592295345103,-7.386179,-1.9277916
604,0,Bonnie,100.384,0.028892455858747994,-7.4119015,-1.9573953
605,0,Bonnie,98.0266,0.027287319422150885,-7.77157,-1.6756825
606,0,Bonnie,101.77,0.024879614767255216,-8.522099,-1.0375779
607,0,Bonnie,139.31,0.021669341894060994,-8.859926,-1.1004903
608,0,Bonnie,146.352,0.021669341894060994,-15.925675,-6.109384
609,0,Bonnie,159.05,0.024879614767255216,-16.997768,-3.4027212
610,0,Bonnie,156.048,0.019261637239165328,-16.393963,-3.7865796
611,0,Bonnie,188.68,0.21348314606741572,-18.297176,-6.1446743
612,0,Bonnie,219.195,0.5497592295345104,-22.496784,-3.993325
613,0,Bonnie,124.209,0.01765650080256822,-22.91681,1.1112521
614,0,Bonnie,117.018,0.016051364365971106,-24.16373,-0.8539016
615,0,Bonnie,88.4249,0.014446227929373997,-27.717209,-0.72206354
616,0,Bonnie,56.9137,0.012841091492776886,-27.171116,0.2973225
617,0,Bonnie,56.8339,0.011235955056179775,-26.80378,0.24057269
618,0,Bonnie,103.183,0.009630818619582664,-25.33686,2.1414027
619,0,Bonnie,121.87,0.008025682182985553,-22.972422,1.3614936
620,0,Bonnie,107.253,0.006420545746388443,-23.24793,3.4376664
621,0,Bonnie,82.7821,0.004815409309791332,-29.243666,0.8318217
622,0,Bonnie,88.3891,0.0032102728731942215,-22.902164,1.4466376
623,0,Bonnie,100.568,0.0016051364365971107,-25.559494,0.7508297
624,1,Eric,161.397,0.908256880733945,-25.37033,2.2210364
625,1,Eric,155.74,0.8944954128440367,-6.964192,7.648168
626,1,Eric,139.077,0.8807339449541285,-6.845013,8.630696
627,1,Eric,140.489,0.8715596330275229,-9.5759325,6.2769814
628,1,Eric,141.997,0.8623853211009175,-23.55047,3.9979005
629,1,Eric,170.091,0.8486238532110092,-20.973637,4.304014
630,1,Eric,169.54,0.8486238532110092,-18.904545,4.635279
631,1,Eric,145.084,0.8348623853211009,-17.899374,5.3189235
632,1,Eric,118.147,0.8256880733944955,-18.004637,5.838152
633,1,Eric,123.515,0.8165137614678899,-20.301844,6.5228834
634,1,Eric,118.351,0.8073394495412844,-21.730648,6.4314966
635,1,Eric,108.638,0.7981651376146789,-22.178728,6.078199
636,1,Eric,188.045,0.963302752293578,-23.050486,5.186866
637,1,Eric,246.79,0.9724770642201835,-28.397844,-1.7299497
638,1,Eric,251.067,0.944954128440367,-28.84801,-0.9121864
639,1,Eric,224.394,0.9311926605504587,-8.88554,4.01342
640,1,Eric,179.007,0.8944954128440367,-6.733934,9.062452
641,1,Eric,130.551,0.7798165137614679,-3.357308,9.394535
642,1,Eric,140.02,0.7706422018348624,-4.093859,9.188898
643,1,Eric,115.357,0.7614678899082569,-3.3954184,9.240231
644,1,Eric,119.468,0.7431192660550459,-4.376788,9.168158
645,1,Eric,91.534,0.7339449541284404,-5.644896,9.329885
646,1,Eric,103.225,0.7247706422018348,-6.2114124,10.156696
647,1,Eric,112.68,0.7155963302752294,-5.6976795,9.839792
648,1,Eric,128.023,0.7064220183486238,-5.4119506,9.4895935
649,1,Eric,100.13,0.6972477064220184,-3.5665545,9.27707
650,1,Eric,153.766,0.6880733944954128,-7.629344,7.617674
651,1,Eric,161.089,0.6788990825688074,-8.012029,8.197927
652,1,Eric,146.503,0.6697247706422018,-9.688175,7.4187584
653,1,Eric,137.499,0.6605504587155964,-8.315527,10.848419
654,1,Eric,110.359,0.6467889908256881,-12.426672,-5.0786595
655,1,Eric,141.02,0.6330275229357798,-11.502478,-5.481968
656,1,Eric,126.131,0.6467889908256881,-14.4691515,8.4751625
657,1,Eric,98.5551,0.6238532110091743,-14.106837,8.440931
658,1,Eric,69.8413,0.6146788990825688,-13.970916,8.71631
659,1,Eric,79.9193,0.6055045871559633,-13.710003,9.061014
660,1,Eric,102.819,0.5963302752293578,-13.682356,8.9789915
661,1,Eric,122.517,0.5825688073394495,-12.704318,9.273064
662,1,Eric,116.675,0.5688073394495413,-12.147182,8.945306
663,1,Eric,133.263,0.5596330275229358,-9.648184,8.807442
664,1,Eric,133.204,0.5504587155963303,-10.167888,7.865334
665,1,Eric,100.355,0.5412844036697247,-11.96742,8.364756
666,1,Eric,100.38,0.5229357798165137,-12.636871,8.261364
667,1,Eric,101.254,0.5045871559633027,-13.191753,7.972119
668,1,Eric,145.109,0.4908256880733945,-14.073695,7.678821
669,1,Eric,205.918,0.5825688073394495,-6.6088896,-5.7078457
670,1,Eric,166.834,0.5229357798165137,-10.849744,11.855471
671,1,Eric,135.944,0.4908256880733945,-12.06336,11.551157
672,1,Eric,101.093,0.47706422018348627,-13.78337,10.7940445
673,1,Eric,106.176,0.46788990825688076,-13.794601,10.855904
674,1,Eric,89.7317,0.4541284403669725,-13.486643,10.642825
675,1,Eric,97.7646,0.44036697247706424,-13.738898,10.533749
676,1,Eric,91.8966,0.42660550458715596,-14.413957,10.953624
677,1,Eric,82.1173,0.41284403669724773,-14.348385,10.847908
678,1,Eric,63.368,0.4036697247706422,-14.679205,10.781769
679,1,Eric,74.6134,0.38990825688073394,-16.108416,10.335728
680,1,Eric,88.9825,0.3761467889908257,-17.801,9.450552
681,1,Eric,95.416,0.3577981651376147,-18.319338,8.884189
682,1,Eric,102.281,0.3394495412844037,-18.517323,8.496899
683,1,Eric,103.966,0.3577981651376147,-18.650639,8.036909
684,1,Eric,112.896,0.3577981651376147,-18.614483,6.9361954
685,1,Eric,100.289,0.3302752293577982,-18.660313,7.091925
686,1,Eric,170.899,0.7522935779816514,-18.473022,6.914828
687,1,Eric,232.185,0.9311926605504587,-18.169868,6.9520025
688,1,Eric,200.334,0.7889908256880734,-1.189781,-7.8064966
689,1,Eric,151.46,0.3211009174311927,-10.421665,-6.0235333
690,1,Eric,153.086,0.3119266055045872,-9.708202,9.598604
691,1,Eric,165.488,0.2981651376146789,-11.124103,8.976863
692,1,Eric,282.74,1.0,-8.031582,10.7324505
693,1,Eric,309.72,0.9908256880733946,-22.984415,3.8177748
694,1,Eric,202.905,0.2798165137614679,-7.661971,-14.653446
695,1,Eric,144.446,0.2798165137614679,-7.563423,-14.76848
696,1,Eric,112.538,0.24770642201834864,-18.649145,6.613891
697,1,Eric,102.191,0.22018348623853212,-9.670788,8.63805
698,1,Eric,122.02,0.21100917431192662,-8.240351,4.8274097
699,1,Eric,121.005,0.19724770642201836,-22.633865,3.9576645
700,1,Eric,170.577,0.1834862385321101,-21.845749,3.9178205
701,1,Eric,185.299,0.4541284403669725,-17.440573,5.35334
702,1,Eric,131.592,0.23394495412844038,-22.98599,7.996748
703,1,Eric,127.333,0.25688073394495414,-23.434809,8.139493
704,1,Eric,115.669,0.14678899082568808,-23.662634,8.235462
705,1,Eric,122.186,0.13761467889908258,-23.991993,8.326618
706,1,Eric,165.777,0.38990825688073394,-23.537724,8.128916
707,1,Eric,218.877,0.9541284403669725,-23.56552,8.121611
708,1,Eric,170.862,0.16972477064220184,-23.571877,7.731667
709,1,Eric,144.916,0.1559633027522936,-17.319605,5.7141423
710,1,Eric,116.851,0.16972477064220184,-19.154024,6.6688256
711,1,Eric,160.925,0.11926605504587157,-9.75938,6.3899918
712,1,Eric,218.808,0.2981651376146789,-14.103198,8.844824
713,1,Eric,259.343,0.981651376146789,-12.463024,9.214374
714,1,Eric,253.468,0.9174311926605505,-9.54826,8.723791
715,1,Eric,229.148,0.26605504587155965,-4.599281,-5.665028
716,1,Eric,231.739,0.19724770642201836,-9.153573,5.337772
717,1,Eric,228.124,0.23394495412844038,-20.605927,-0.70247483
718,1,Eric,105.059,0.09174311926605505,18.188202,7.0681257
719,1,Eric,122.472,0.08256880733944955,17.93659,6.6930513
720,1,Eric,115.087,0.06880733944954129,17.098635,6.364247
721,1,Eric,110.191,0.045871559633027525,15.5916395,5.831231
722,1,Eric,162.092,0.045871559633027525,14.607277,4.557714
723,1,Eric,214.366,0.06880733944954129,14.52713,3.926342
724,1,Eric,219.717,0.12844036697247707,10.12748,-1.3530879
725,1,Eric,191.23,0.10550458715596331,5.0494065,-2.0861864
726,1,Eric,157.534,0.045871559633027525,-2.7078135,9.08872
727,1,Eric,143.272,0.027522935779816515,-2.7997046,9.108722
728,1,Eric,250.791,0.5229357798165137,-2.8335476,9.096827
729,1,Eric,210.126,0.42660550458715596,-13.862535,8.4757
730,1,Eric,155.92,0.10550458715596331,-14.277008,8.923362
731,1,Eric,98.7739,0.01834862385321101,-20.709747,2.4067798
732,1,Eric,64.018,0.009174311926605505,-20.983072,2.0957422
733,2,Jon,115.785,0.43956043956043955,-14.086862,6.532209
734,2,Jon,174.789,0.45054945054945056,-13.991535,6.8550553
735,2,Jon,192.964,0.5879120879120879,-12.104261,-2.0630987
736,2,Jon,122.012,0.34615384615384615,-12.660284,5.018204
737,2,Jon,224.064,0.5274725274725275,-12.7268505,4.628915
738,2,Jon,212.244,0.6483516483516484,-6.8008847,-0.9651325
739,2,Jon,162.851,0.5494505494505495,18.940598,9.214691
740,2,Jon,129.237,0.3241758241758242,18.971392,9.098874
741,2,Jon,197.445,0.4010989010989011,-11.095767,3.3151674
742,2,Jon,227.542,0.3791208791208791,1.2472436,2.350462
743,2,Jon,193.542,0.2692307692307692,-7.1850557,2.723937
744,2,Jon,165.753,0.24175824175824176,-10.281595,3.1685343
745,2,Jon,151.44,0.3021978021978022,-10.727512,3.2903252
746,2,Jon,92.5844,0.23076923076923078,-10.425463,3.3096185
747,2,Jon,103.719,0.21978021978021978,-10.479485,3.3010755
748,2,Jon,179.623,0.3626373626373626,-7.2061486,14.054223
749,2,Jon,248.016,0.7582417582417582,18.546705,8.972578
750,2,Jon,290.342,0.945054945054945,-21.82216,0.80363274
751,2,Jon,90.0528,0.2087912087912088,-14.239417,6.645062
752,2,Jon,162.651,0.3021978021978022,-13.963724,-0.8728759
753,2,Jon,173.022,0.42857142857142855,-18.764446,6.99434
754,2,Jon,243.499,0.9340659340659341,-6.50735,7.5960274
755,2,Jon,238.417,0.5054945054945055,-9.40705,5.632722
756,2,Jon,150.786,0.2692307692307692,-11.861323,2.2226672
757,2,Jon,135.842,0.1978021978021978,-12.433321,1.7235432
758,2,Jon,297.021,0.9560439560439561,-11.112314,-5.409173
759,2,Jon,164.505,0.4010989010989011,-15.804173,5.8354397
760,2,Jon,190.514,0.6263736263736264,-14.600271,5.208119
761,2,Jon,128.59,0.1813186813186813,-11.221868,-0.09580994
762,2,Jon,207.905,0.6923076923076923,-11.657031,0.20764232
763,2,Jon,280.838,0.9230769230769231,-12.397508,0.7057278
764,2,Jon,298.6,0.8021978021978022,1.6749212,-0.43496275
765,2,Jon,232.301,0.6373626373626373,-10.70552,-3.5912576
766,2,Jon,252.453,0.5714285714285714,-11.492016,-0.3754871
767,2,Jon,296.178,0.7692307692307693,-23.374737,3.8907452
768,2,Jon,194.182,0.3241758241758242,-23.166662,8.013872
769,2,Jon,151.679,0.3791208791208791,-23.298138,8.0196
770,2,Jon,237.043,0.8131868131868132,-21.16463,-1.164186
771,2,Jon,246.205,0.6648351648351648,-6.3899164,-4.800744
772,2,Jon,117.711,0.16483516483516483,18.795504,6.3968883
773,2,Jon,225.035,0.5384615384615384,-18.682064,1.2168832
774,2,Jon,216.535,0.489010989010989,-14.345757,6.6658144
775,2,Jon,230.988,0.6153846153846154,-12.935499,5.181125
776,2,Jon,208.986,0.2692307692307692,-12.627059,4.5795536
777,2,Jon,249.389,0.7472527472527473,9.77271,6.153242
778,2,Jon,280.745,0.8461538461538461,-21.60731,-3.8431184
779,2,Jon,286.004,0.8791208791208791,-26.451073,-0.63776994
780,2,Jon,276.487,0.7912087912087912,-26.20826,3.89539
781,2,Jon,208.798,0.6648351648351648,-16.304792,5.723914
782,2,Jon,191.507,0.6813186813186813,-12.217415,3.12948
783,2,Jon,292.117,0.967032967032967,-8.6089525,-0.56580234
784,2,Jon,152.376,0.15384615384615385,-14.4903145,6.6895394
785,2,Jon,146.906,0.14285714285714285,18.761093,9.080236
786,2,Jon,172.504,0.12637362637362637,-13.887959,1.9532132
787,2,Jon,136.607,0.12637362637362637,19.139374,9.353035
788,2,Jon,207.066,0.34615384615384615,19.007051,9.114508
789,2,Jon,209.658,0.2692307692307692,-13.4808855,1.9434457
790,2,Jon,169.784,0.08791208791208792,-7.325894,4.2506876
791,2,Jon,152.8,0.07692307692307693,-20.929873,-0.08676052
792,2,Jon,251.549,0.7362637362637363,19.36295,5.371356
793,2,Jon,243.564,0.5164835164835165,-26.447302,-5.3645744
794,2,Jon,280.475,0.7252747252747253,-4.11629,-5.565318
795,2,Jon,310.481,0.8681318681318682,-17.730917,-2.121982
796,2,Jon,248.104,0.8351648351648352,-17.973892,6.471279
797,2,Jon,141.699,0.06593406593406594,-9.567713,3.2648406
798,2,Jon,213.949,0.489010989010989,10.553995,-2.315521
799,2,Jon,196.566,0.1813186813186813,3.2817955,-8.109484
800,2,Jon,255.613,0.989010989010989,-15.4289665,5.447758
801,2,Jon,218.862,0.6043956043956044,-8.634621,4.0828285
802,2,Jon,213.421,0.4725274725274725,-7.0341296,8.380405
803,2,Jon,270.65,0.8571428571428571,18.884165,5.4243364
804,2,Jon,336.29,0.978021978021978,-18.053917,0.8782232
805,2,Jon,253.914,1.0,-15.791579,5.854215
806,2,Jon,269.262,0.8241758241758241,-16.548496,5.281613
807,2,Jon,152.482,0.0989010989010989,-23.073559,7.8968067
808,2,Jon,300.286,0.9120879120879121,-9.557497,6.065393
809,2,Jon,191.321,0.46153846153846156,-22.951788,7.853857
810,2,Jon,318.136,0.8901098901098901,-9.678753,1.5374923
811,2,Jon,281.478,0.5879120879120879,2.615197,-8.185055
812,2,Jon,225.662,0.7032967032967034,4.1197224,-5.1171827
813,2,Jon,205.528,0.7142857142857143,18.052404,6.9934716
814,2,Jon,175.573,0.4175824175824176,18.508389,8.999006
815,2,Jon,228.881,0.7802197802197802,15.396243,8.408927
816,2,Jon,290.403,0.9010989010989011,-13.944269,1.887145
817,2,Jon,247.036,0.5604395604395604,1.0833211,-6.47812
818,2,Jon,124.427,0.054945054945054944,5.413495,-4.7082167
819,2,Jon,130.71,0.04395604395604396,5.3346677,-4.7456822
820,2,Jon,144.579,0.03296703296703297,-0.50350404,2.0030394
821,2,Jon,119.022,0.02197802197802198,-12.246005,7.7659264
822,2,Jon,136.432,0.01098901098901099,-12.683241,7.733361
823,2,Jon,242.159,0.10989010989010989,11.872248,5.3739767
