index,category,description,influenceDistance,pct,x,y,z
1,0,Bonnie,133.152,0.9983948635634029,0.21556854,1.5515633,-9.517332
2,0,Bonnie,181.442,1.0,2.9133215,0.2805624,-8.8597975
3,0,Bonnie,47.0505,0.9967897271268058,2.9751787,-1.992094,-8.431821
4,0,Bonnie,13.4032,0.9951845906902087,-1.4682174,0.15697002,-8.371974
5,0,Bonnie,8.30969,0.9935794542536116,-1.3836308,-0.18154764,-8.141589
6,0,Bonnie,10.8402,0.9919743178170144,-0.072408676,1.143467,-9.703867
7,0,Bonnie,12.5625,0.9903691813804173,-0.1867981,-0.22685242,-10.0
8,0,Bonnie,15.2097,0.9887640449438202,-0.53160286,-0.34265327,-8.213148
9,0,Bonnie,10.3379,0.9871589085072231,0.8775635,2.1855106,-8.165526
10,0,Bonnie,8.15479,0.985553772070626,1.4607563,2.0738955,-8.603094
11,0,Bonnie,8.92634,0.9839486356340289,1.0422573,1.8780527,-9.393754
12,0,Bonnie,13.1973,0.9823434991974318,0.8781738,1.3682375,-9.566206
13,0,Bonnie,20.6405,0.9807383627608347,-1.3184524,-0.5577173,-6.963681
14,0,Bonnie,14.5392,0.9791332263242376,-0.5213766,-0.20434618,-7.9480314
15,0,Bonnie,13.8648,0.9775280898876404,0.8858776,1.0900197,-9.726801
16,0,Bonnie,20.4916,0.9759229534510433,-0.52723026,0.09885216,-9.501354
17,0,Bonnie,26.797,0.9743178170144462,-0.37370777,-0.18555307,-9.932832
18,0,Bonnie,43.7849,0.9727126805778491,3.085329,-1.3846016,-9.482524
19,0,Bonnie,39.9572,0.971107544141252,1.9861851,-1.6205044,-8.19016
20,0,Bonnie,26.1769,0.9695024077046549,-0.42507553,1.8861847,-8.349139
21,0,Bonnie,22.7727,0.9678972712680578,-1.8457971,2.6244965,-7.9906588
22,0,Bonnie,14.3334,0.9662921348314607,-1.827033,2.4612446,-7.8898134
23,0,Bonnie,19.3269,0.9646869983948636,-1.708704,-0.25775576,-9.367415
24,0,Bonnie,19.8822,0.9630818619582665,-1.622416,-1.4681602,-8.523326
25,0,Bonnie,23.0062,0.9614767255216693,-0.6874676,1.3383102,-8.976459
26,0,Bonnie,21.7389,0.9598715890850722,2.0830126,1.7405891,-8.944532
27,0,Bonnie,26.3533,0.9582664526484751,1.3568344,1.7174616,-9.248865
28,0,Bonnie,25.8412,0.956661316211878,-0.20498943,1.2483139,-8.582104
29,0,Bonnie,25.5013,0.9550561797752809,-2.0931711,1.0288515,-7.730789
30,0,Bonnie,19.4309,0.9534510433386838,-1.7000632,-1.414691,-8.53228
31,0,Bonnie,17.7399,0.9518459069020867,-0.44099617,-1.8685665,-7.73621
32,0,Bonnie,16.6862,0.9502407704654896,-0.46214676,-0.35339355,-8.79396
33,0,Bonnie,21.2317,0.9486356340288925,0.22531033,2.214652,-7.753724
34,0,Bonnie,17.5648,0.9470304975922953,1.6073465,1.7134552,-9.277144
35,0,Bonnie,20.8131,0.9454253611556982,0.1434269,1.2439251,-9.030286
36,0,Bonnie,27.5222,0.9438202247191011,-2.0089083,1.031199,-7.810418
37,0,Bonnie,22.2158,0.942215088282504,-1.9400787,-1.1406631,-7.489665
38,0,Bonnie,40.5893,0.9406099518459069,-1.4346733,0.5811367,-7.9774723
39,0,Bonnie,32.1389,0.9390048154093098,-1.6923871,-1.559052,-8.649715
40,0,Bonnie,25.6573,0.9373996789727127,-0.53738403,-1.8294945,-7.590686
41,0,Bonnie,29.9499,0.9357945425361156,1.4226923,2.0251198,-9.395492
42,0,Bonnie,34.0641,0.9341894060995185,4.341834,-2.2526193,-8.851569
43,0,Bonnie,37.1561,0.9325842696629213,-1.5185843,1.8104601,-7.8428288
44,0,Bonnie,32.5221,0.9309791332263242,-1.9766316,0.645216,-8.834634
45,0,Bonnie,32.1434,0.9293739967897271,-1.3897915,0.021678925,-9.501867
46,0,Bonnie,34.3905,0.92776886035313,-0.7407589,-1.2677841,-7.5703583
47,0,Bonnie,42.2816,0.9261637239165329,0.5936794,-2.0538077,-6.568945
48,0,Bonnie,62.768,0.9245585874799358,0.8248186,-1.2332101,-8.301007
49,0,Bonnie,65.2279,0.9229534510433387,0.11981201,-0.1761117,-8.89115
50,0,Bonnie,53.7063,0.9213483146067416,0.41370487,1.4654875,-8.881205
51,0,Bonnie,39.7183,0.9197431781701445,-1.986723,0.9329076,-8.716923
52,0,Bonnie,32.4495,0.9181380417335474,1.7845354,-3.758308,-5.404442
53,0,Bonnie,26.9851,0.9165329052969502,-1.0786781,-1.4494181,-7.4888296
54,0,Bonnie,28.0116,0.9149277688603531,1.5144596,1.9319382,-9.236232
55,0,Bonnie,36.1839,0.913322632423756,1.6794281,1.8360033,-8.942128
56,0,Bonnie,45.5473,0.9117174959871589,0.26429558,1.029273,-9.336885
57,0,Bonnie,54.1489,0.9101123595505618,-1.8966784,1.3634796,-8.332058
58,0,Bonnie,42.9439,0.9085072231139647,-1.6147785,1.5690413,-8.137758
59,0,Bonnie,68.1122,0.9069020866773676,-3.9685893,-0.74545383,1.0892587
60,0,Bonnie,25.5668,0.9052969502407705,-3.9844847,-0.75092506,1.0059135
61,0,Bonnie,27.0931,0.9036918138041734,-4.1900206,-0.80848885,0.7847898
62,0,Bonnie,30.2452,0.9020866773675762,-3.8936863,-1.0045323,0.85838246
63,0,Bonnie,38.8222,0.9004815409309791,-3.668342,-1.0546436,0.9390085
64,0,Bonnie,35.0979,0.898876404494382,-3.6844387,-1.0275359,0.7777095
65,0,Bonnie,30.7027,0.8972712680577849,-3.7929416,-0.8370738,0.3408289
66,0,Bonnie,21.688,0.8956661316211878,-3.8692036,-0.80571175,0.2747488
67,0,Bonnie,17.6503,0.8940609951845907,-4.1491256,-0.59030724,0.2749989
68,0,Bonnie,17.9878,0.8924558587479936,-3.9802575,-0.7351513,0.48924518
69,0,Bonnie,19.959,0.8908507223113965,-3.5980372,-0.9218178,0.54161763
70,0,Bonnie,26.902,0.8892455858747994,-3.6067228,-0.8985348,0.56605196
71,0,Bonnie,28.84,0.8876404494382022,-3.6587834,-0.9172392,0.32949066
72,0,Bonnie,30.579,0.8860353130016051,-3.5364656,-0.8826637,-0.22561741
73,0,Bonnie,31.0836,0.884430176565008,-3.547287,-0.84318876,-0.40252876
74,0,Bonnie,37.3518,0.8828250401284109,-3.4222426,-0.7685027,-0.56465507
75,0,Bonnie,31.8518,0.8812199036918138,-3.118906,-0.7123604,-0.3846116
76,0,Bonnie,21.4572,0.8796147672552167,-2.7397919,-0.621335,-0.10653281
77,0,Bonnie,16.3872,0.8780096308186196,-2.3064208,-0.47624063,0.27442956
78,0,Bonnie,23.7033,0.8764044943820225,-2.2836413,-0.5005398,0.20450401
79,0,Bonnie,33.2408,0.8747993579454254,-2.5109224,-0.709867,0.6120498
80,0,Bonnie,38.4723,0.8731942215088283,-2.4812665,-0.5406828,1.7716466
81,0,Bonnie,39.3615,0.8715890850722311,-2.8005161,-0.46664572,2.0512967
82,0,Bonnie,32.2364,0.869983948635634,-2.9992151,-0.58605576,2.2689872
83,0,Bonnie,30.5345,0.8683788121990369,-2.9481387,-0.52575874,2.252109
84,0,Bonnie,27.0194,0.8667736757624398,-2.8670177,-0.5169549,2.112907
85,0,Bonnie,25.5759,0.8651685393258427,-2.7716212,-0.4482603,1.8898948
86,0,Bonnie,31.1151,0.8635634028892456,-2.6037736,-0.3485732,2.0995536
87,0,Bonnie,38.1478,0.8619582664526485,-2.7296114,-0.58859015,2.2216587
88,0,Bonnie,83.8137,0.8603531300160514,7.3770943,-5.4239635,5.89081
89,0,Bonnie,43.1435,0.8587479935794543,7.2054615,-5.314443,5.656356
90,0,Bonnie,34.8553,0.8571428571428571,7.294359,-5.160518,5.766724
91,0,Bonnie,31.6417,0.85553772070626,7.2883186,-5.199939,5.8596168
92,0,Bonnie,46.3166,0.8539325842696629,7.3417397,-5.267337,5.9512415
93,0,Bonnie,52.107,0.8523274478330658,7.424322,-5.342079,6.060646
94,0,Bonnie,48.5221,0.8507223113964687,7.4770927,-5.5347147,5.912038
95,0,Bonnie,32.193,0.8491171749598716,7.23588,-5.2303762,5.7376804
96,0,Bonnie,28.4625,0.8475120385232745,7.2738113,-5.219426,5.854375
97,0,Bonnie,28.2689,0.8459069020866774,7.1340656,-5.044755,5.766094
98,0,Bonnie,27.8951,0.8443017656500803,7.284628,-5.22374,5.8781395
99,0,Bonnie,27.5407,0.8426966292134831,7.4159546,-5.3758206,5.8972993
100,0,Bonnie,33.4396,0.841091492776886,7.2897663,-5.2329416,6.0148077
101,0,Bonnie,34.5188,0.8394863563402889,7.3293514,-5.2840686,6.026542
102,0,Bonnie,50.0136,0.8378812199036918,7.415697,-5.444024,5.9020777
103,0,Bonnie,41.329,0.8362760834670947,0.12886238,0.61098766,1.8512391
104,0,Bonnie,24.7689,0.8346709470304976,-0.055348396,0.47895527,1.6023704
105,0,Bonnie,20.9273,0.8330658105939005,-0.71151924,0.12571335,0.9551716
106,0,Bonnie,26.7663,0.8314606741573034,-1.5038576,-0.25327063,0.016378164
107,0,Bonnie,29.8888,0.8298555377207063,-1.955101,-0.52351856,-0.38279796
108,0,Bonnie,27.7085,0.8282504012841091,-1.5068631,-0.91684437,-0.93166304
109,0,Bonnie,38.1024,0.826645264847512,-1.0533586,-1.0254092,-1.0366344
110,0,Bonnie,44.8038,0.8250401284109149,-1.2046432,-0.9171181,-1.2280364
111,0,Bonnie,45.5117,0.8234349919743178,-0.35195923,-0.57751083,-2.3017063
112,0,Bonnie,50.6798,0.8218298555377207,-1.2248068,-1.0741959,-4.057311
113,0,Bonnie,44.0504,0.8202247191011236,-0.919065,-1.4898553,-4.9145937
114,0,Bonnie,34.703,0.8186195826645265,-1.1335807,-1.0372233,-4.600425
115,0,Bonnie,32.569,0.8170144462279294,-1.3236599,-0.9653654,-4.2952313
116,0,Bonnie,37.1224,0.8154093097913323,-1.293303,-1.0069599,-4.1909122
117,0,Bonnie,44.9964,0.8138041733547352,-0.652627,-1.762351,-5.2971706
118,0,Bonnie,43.0006,0.812199036918138,-0.08689022,-1.7864895,-6.6006184
119,0,Bonnie,42.4952,0.8105939004815409,2.461544,1.356452,-8.481639
120,0,Bonnie,29.2892,0.8089887640449438,2.1191092,1.7675905,-8.635254
121,0,Bonnie,35.3108,0.8073836276083467,2.714758,1.2600508,-8.823182
122,0,Bonnie,63.6701,0.8057784911717496,4.7768307,-3.0357623,-8.465553
123,0,Bonnie,100.415,0.8041733547351525,4.8096943,-2.4882026,-8.971142
124,0,Bonnie,160.18,0.8025682182985554,4.588189,0.075219154,-7.823124
125,0,Bonnie,145.63,0.8009630818619583,-0.31266117,-0.10216904,-9.905666
126,0,Bonnie,116.706,0.7993579454253612,9.045801,9.70581,1.3488333
127,0,Bonnie,71.8482,0.797752808988764,8.911711,9.876014,1.5451554
128,0,Bonnie,52.192,0.7961476725521669,8.411331,9.148324,2.0922847
129,0,Bonnie,41.8235,0.7945425361155698,8.783922,8.772523,1.6738381
130,0,Bonnie,31.7101,0.7929373996789727,9.051119,8.677961,0.95967627
131,0,Bonnie,33.3264,0.7913322632423756,8.60239,9.314166,1.2699976
132,0,Bonnie,33.7712,0.7897271268057785,8.786957,9.75793,1.5207416
133,0,Bonnie,34.9666,0.7881219903691814,8.788809,9.691255,1.7263036
134,0,Bonnie,31.7958,0.7865168539325843,8.861757,9.17516,1.2503259
135,0,Bonnie,32.2544,0.7849117174959872,9.019505,9.5039,1.3935394
136,0,Bonnie,35.3821,0.78330658105939,8.799852,9.905736,1.769825
137,0,Bonnie,31.9658,0.7817014446227929,8.478914,9.92475,2.4037004
138,0,Bonnie,37.2137,0.7800963081861958,8.481848,10.000001,3.0934153
139,0,Bonnie,30.3141,0.7784911717495987,8.442114,9.987922,3.4376924
140,0,Bonnie,30.4173,0.7768860353130016,7.554186,9.949155,2.9839704
141,0,Bonnie,32.1321,0.7752808988764045,8.067762,9.405686,2.747807
142,0,Bonnie,30.8584,0.7736757624398074,8.730598,9.565604,2.9176526
143,0,Bonnie,23.912,0.7720706260032103,7.787489,9.576486,3.4229264
144,0,Bonnie,23.6548,0.7704654895666132,7.3898373,8.864947,3.5685594
145,0,Bonnie,29.471,0.7688603531300161,8.108923,8.4165745,3.705558
146,0,Bonnie,34.0993,0.7672552166934189,8.179253,7.2477446,4.0227356
147,0,Bonnie,32.6868,0.7656500802568218,7.8850746,6.4274187,4.355972
148,0,Bonnie,34.5836,0.7640449438202247,0.52697563,0.8266802,1.8979245
149,0,Bonnie,39.0094,0.7624398073836276,0.5813465,0.7651439,1.8638387
150,0,Bonnie,40.8046,0.7608346709470305,0.355258,0.41252613,1.2797678
151,0,Bonnie,45.4052,0.7592295345104334,0.3594408,0.3003416,0.57652664
152,0,Bonnie,39.1924,0.7576243980738363,2.713337,-0.43683338,-4.6258526
153,0,Bonnie,54.2125,0.7560192616372392,3.436059,-0.8140893,-5.356329
154,0,Bonnie,99.0589,0.7544141252006421,3.5952578,-0.94587517,-5.6815996
155,0,Bonnie,129.817,0.7528089887640449,1.7129555,-9.560978,-1.1702085
156,0,Bonnie,92.2787,0.7512038523274478,1.3883533,-9.184052,-1.1815901
157,0,Bonnie,48.3586,0.7495987158908507,1.2140741,-9.055353,-0.94353724
158,0,Bonnie,41.2042,0.7479935794542536,0.7870226,-9.397233,-0.8088832
159,0,Bonnie,43.4255,0.7463884430176565,-0.40213394,-9.952236,-1.1294332
160,0,Bonnie,43.7836,0.7447833065810594,-0.5158396,-10.0,-1.2828541
161,0,Bonnie,37.4114,0.7431781701444623,-0.23631859,-9.828297,-1.5584636
162,0,Bonnie,47.2329,0.7415730337078652,-0.06259251,-9.732002,-1.6599574
163,0,Bonnie,56.7153,0.7399678972712681,0.21305943,-9.634455,-1.7861505
164,0,Bonnie,58.0182,0.7383627608346709,-0.1831522,-9.702275,-1.6879277
165,0,Bonnie,42.055,0.7367576243980738,-0.13657665,-9.770362,-1.8180141
166,0,Bonnie,36.5155,0.7351524879614767,0.18467236,-9.45381,-1.8666897
167,0,Bonnie,27.9902,0.7335473515248796,-0.13651085,-9.629615,-1.6107974
168,0,Bonnie,32.2992,0.7319422150882825,-0.13521099,-9.703315,-1.7712564
169,0,Bonnie,35.3513,0.7303370786516854,0.38217068,-9.688532,-1.656117
170,0,Bonnie,41.0097,0.7287319422150883,0.81742287,-9.56537,-1.5755415
171,0,Bonnie,77.695,0.7271268057784912,0.5020666,-9.095048,-2.0099392
172,0,Bonnie,102.64,0.7255216693418941,0.0526762,-7.881388,-0.52235484
173,0,Bonnie,124.69,0.723916532905297,1.2760382,-3.2062578,-6.4130077
174,0,Bonnie,101.002,0.7223113964686998,-2.1958537,1.0643792,-7.634121
175,0,Bonnie,96.9034,0.7207062600321027,1.0692768,-8.24819,-2.536869
176,0,Bonnie,90.5511,0.7191011235955056,0.5060053,-2.6797833,-6.8003845
177,0,Bonnie,94.5952,0.7174959871589085,1.3704882,2.0273962,-9.517759
178,0,Bonnie,84.4577,0.7158908507223114,-1.8161416,0.2901516,-9.267288
179,0,Bonnie,68.538,0.7142857142857143,4.691615,-4.5766125,0.30544066
180,0,Bonnie,87.5328,0.7126805778491172,1.6844501,-4.1492414,-4.9349213
181,0,Bonnie,51.2498,0.7110754414125201,7.692875,5.2588634,5.2123575
182,0,Bonnie,42.3874,0.709470304975923,7.5461597,5.3274164,5.0712028
183,0,Bonnie,45.3042,0.7078651685393258,5.692605,1.0197153,4.7499886
184,0,Bonnie,32.3885,0.7062600321027287,5.4024906,1.1008878,4.5683484
185,0,Bonnie,38.8676,0.7046548956661316,5.3973446,1.7120848,4.0739975
186,0,Bonnie,45.8271,0.7030497592295345,5.4605656,2.2263088,4.141153
187,0,Bonnie,45.7793,0.7014446227929374,4.909505,0.67603207,4.1045237
188,0,Bonnie,33.607,0.6998394863563403,4.9551363,-0.10548782,3.9139388
189,0,Bonnie,33.2101,0.6982343499197432,4.0310707,-0.06288624,3.1425033
190,0,Bonnie,36.3243,0.6966292134831461,4.5280685,0.80325127,2.8964674
191,0,Bonnie,33.1159,0.695024077046549,5.0589733,0.03292513,3.416195
192,0,Bonnie,41.2104,0.6934189406099518,4.6148605,-1.3840342,3.2007678
193,0,Bonnie,50.9586,0.6918138041733547,4.699937,-1.1861377,2.566814
194,0,Bonnie,73.7205,0.6902086677367576,1.833683,-2.4391122,-1.2781072
195,0,Bonnie,89.4557,0.6886035313001605,2.8748293,-1.0788646,-6.301114
196,0,Bonnie,99.9951,0.6869983948635634,5.8182592,-0.33332157,-7.1954813
197,0,Bonnie,72.0254,0.6853932584269663,6.889702,-2.7901735,-7.2124243
198,0,Bonnie,81.4559,0.6837881219903692,3.5044003,-2.849991,-7.772129
199,0,Bonnie,66.1171,0.6821829855537721,3.6718988,-1.4042368,-7.169095
200,0,Bonnie,48.72,0.680577849117175,4.80229,0.92242813,-7.1012163
201,0,Bonnie,36.1863,0.6789727126805778,4.899642,0.542501,-7.202589
202,0,Bonnie,39.7656,0.6773675762439807,6.8519564,-0.45351934,-6.9613743
203,0,Bonnie,49.9497,0.6757624398073836,6.973981,-2.6599135,-7.2782135
204,0,Bonnie,55.982,0.6741573033707865,6.665415,-2.8128858,-6.775223
205,0,Bonnie,61.9171,0.6725521669341894,6.8227177,-2.704825,-6.417882
206,0,Bonnie,65.0159,0.6709470304975923,6.791134,-1.2445884,-7.3279715
207,0,Bonnie,68.0779,0.6693418940609952,6.306175,-1.6190286,-7.91329
208,0,Bonnie,80.8601,0.6677367576243981,5.4029894,-2.4184442,-8.635696
209,0,Bonnie,68.4013,0.666131621187801,5.0108976,-1.344522,-6.5956526
210,0,Bonnie,49.3136,0.6645264847512039,6.5193644,-3.1724465,-7.0070295
211,0,Bonnie,78.8594,0.6629213483146067,6.138837,-2.1097732,-8.594697
212,0,Bonnie,78.0105,0.6613162118780096,4.580922,-2.0286684,-8.698618
213,0,Bonnie,67.1289,0.6597110754414125,2.6653013,-2.078939,-8.214106
214,0,Bonnie,55.7261,0.6581059390048154,4.685254,0.41228342,-7.0978346
215,0,Bonnie,46.93,0.6565008025682183,5.4420357,-0.4092312,-6.5344706
216,0,Bonnie,53.7632,0.6548956661316212,6.9252863,-0.69100523,-7.132392
217,0,Bonnie,73.2219,0.6532905296950241,5.5991936,-2.41044,-9.001371
218,0,Bonnie,65.6685,0.651685393258427,5.237238,-2.5359502,-9.101357
219,0,Bonnie,46.3157,0.6500802568218299,5.3889,-0.8175082,-6.3856163
220,0,Bonnie,45.516,0.6484751203852327,5.4833584,-1.1025486,-6.429244
221,0,Bonnie,53.9943,0.6468699839486356,5.3163548,-3.2981815,-7.3210135
222,0,Bonnie,60.5675,0.6452648475120385,5.444233,-3.4964838,-7.6693544
223,0,Bonnie,60.4277,0.6436597110754414,5.4267225,-0.9604826,-8.332622
224,0,Bonnie,66.8956,0.6420545746388443,5.043293,-1.0354371,-8.287809
225,0,Bonnie,73.2524,0.6404494382022472,4.732257,-2.0845113,-8.869855
226,0,Bonnie,60.9309,0.6388443017656501,2.0384178,-1.8856683,-8.294656
227,0,Bonnie,69.4598,0.637239165329053,3.2988281,-2.5472112,-7.8923025
228,0,Bonnie,108.667,0.6356340288924559,3.4714613,-0.9641104,-5.682376
229,0,Bonnie,113.272,0.6340288924558587,3.2081404,-9.660783,-2.2065454
230,0,Bonnie,83.9391,0.6324237560192616,3.0293894,-9.582718,-2.061819
231,0,Bonnie,67.0809,0.6308186195826645,2.64079,-9.813467,-1.6266465
232,0,Bonnie,63.3051,0.6292134831460674,2.5230093,-9.545246,-1.7559614
233,0,Bonnie,58.9682,0.6276083467094703,2.338067,-9.273451,-1.91294
234,0,Bonnie,57.5501,0.6260032102728732,2.3425655,-9.077827,-2.0034304
235,0,Bonnie,45.204,0.6243980738362761,2.3957863,-9.01791,-1.9937735
236,0,Bonnie,36.4728,0.622792937399679,2.3040342,-9.173207,-1.8489971
237,0,Bonnie,31.2268,0.6211878009630819,2.3308468,-8.78672,-1.9170008
238,0,Bonnie,64.8073,0.6195826645264848,2.556201,-8.2393265,-2.1182923
239,0,Bonnie,79.0825,0.6179775280898876,2.6442356,-8.126993,-2.2139378
240,0,Bonnie,71.1645,0.6163723916532905,6.348254,-0.6039505,-7.238165
241,0,Bonnie,55.4744,0.6147672552166934,6.487068,-0.696002,-7.286086
242,0,Bonnie,62.2716,0.6131621187800963,4.561408,-2.675181,-8.386119
243,0,Bonnie,60.0132,0.6115569823434992,4.3384714,0.4297309,-6.326889
244,0,Bonnie,67.449,0.6099518459069021,4.2545443,0.8772116,-5.9288073
245,0,Bonnie,62.37,0.608346709470305,5.2235136,0.19972277,-8.12519
246,0,Bonnie,43.3581,0.6067415730337079,3.5402193,1.1090598,-8.089663
247,0,Bonnie,54.508,0.6051364365971108,4.713891,-1.491653,-6.5763874
248,0,Bonnie,86.2691,0.6035313001605136,5.0390005,-3.6574879,-6.7543716
249,0,Bonnie,104.671,0.6019261637239165,2.651163,-9.797003,-1.7585754
250,0,Bonnie,81.1348,0.6003210272873194,2.5191116,-9.874314,-1.5717654
251,0,Bonnie,49.1637,0.5987158908507223,2.2367887,-9.64204,-1.3362532
252,0,Bonnie,25.2435,0.5971107544141252,2.0465975,-9.178936,-1.5678
253,0,Bonnie,34.0708,0.5955056179775281,2.0261211,-9.017668,-1.678061
254,0,Bonnie,46.5635,0.593900481540931,2.1547575,-8.6411,-1.6258063
255,0,Bonnie,53.0584,0.5922953451043339,2.399434,-8.072109,-1.6485786
256,0,Bonnie,58.8441,0.5906902086677368,2.8187494,-7.7898264,-1.9507561
257,0,Bonnie,76.9674,0.5890850722311396,3.0708237,-7.6048474,-2.048595
258,0,Bonnie,139.183,0.5874799357945425,4.720828,-4.1224174,-3.2541504
259,0,Bonnie,137.053,0.5858747993579454,5.7572136,-5.496769,2.7087102
260,0,Bonnie,125.643,0.5842696629213483,4.168375,-4.2816887,-3.1098871
261,0,Bonnie,87.8641,0.5826645264847512,5.188799,1.5346804,-6.946327
262,0,Bonnie,62.6484,0.5810593900481541,4.0107145,1.1054254,-7.2091494
263,0,Bonnie,64.5976,0.579454253611557,4.4214163,-3.945984,-3.3523827
264,0,Bonnie,50.0177,0.5778491171749599,4.5262823,-3.8967683,-3.4629064
265,0,Bonnie,44.1306,0.5762439807383628,4.139988,-4.246525,-3.414156
266,0,Bonnie,41.7152,0.5746388443017657,4.369508,-3.9317439,-3.436942
267,0,Bonnie,35.8524,0.5730337078651685,4.5397463,-3.1744392,-3.7507243
268,0,Bonnie,44.2048,0.5714285714285714,4.0231676,-4.3231945,-3.1579924
269,0,Bonnie,134.967,0.5698234349919743,4.282132,-4.0691957,-3.3872972
270,0,Bonnie,173.413,0.5682182985553772,5.424094,1.1576867,-6.8985214
271,0,Bonnie,221.778,0.5666131621187801,4.0912285,1.7599497,-5.9112644
272,0,Bonnie,145.218,0.565008025682183,3.3565292,1.3385086,-7.937871
273,0,Bonnie,128.388,0.5634028892455859,2.4534712,-5.3738136,-2.189941
274,0,Bonnie,87.6106,0.5617977528089888,2.4800673,-5.589621,-2.0869188
275,0,Bonnie,69.027,0.5601926163723917,2.4140177,-5.6396008,-2.0348268
276,0,Bonnie,66.447,0.5585874799357945,2.1236992,-5.4193287,-1.8286414
277,0,Bonnie,60.9877,0.5569823434991974,2.4451733,-5.6592617,-2.0478148
278,0,Bonnie,50.7508,0.5553772070626003,2.5643768,-5.7308493,-2.0329127
279,0,Bonnie,35.6541,0.5537720706260032,2.5043955,-5.6209598,-1.9844899
280,0,Bonnie,40.8778,0.5521669341894061,2.756608,-5.7808275,-1.8710866
281,0,Bonnie,45.3328,0.5497592295345104,2.8993921,-5.6934247,-1.8460169
282,0,Bonnie,52.302,0.5473515248796148,2.9711885,-5.4883757,-1.7310934
283,0,Bonnie,76.3535,0.5449438202247191,3.1191664,-5.336421,-1.5707569
284,0,Bonnie,66.4926,0.5425361155698234,3.6103725,-5.189906,-1.3262119
285,0,Bonnie,53.1075,0.5409309791332263,3.4317608,-5.216926,-1.1012316
286,0,Bonnie,59.5327,0.5393258426966292,3.587801,-4.7664976,-0.5674832
287,0,Bonnie,54.5803,0.5377207062600321,3.9543648,-4.8607044,-0.9455538
288,0,Bonnie,45.0841,0.536115569823435,4.3226757,-4.686448,-1.2390151
289,0,Bonnie,41.0989,0.5345104333868379,4.7979946,-4.027549,-1.5362678
290,0,Bonnie,52.5443,0.5329052969502408,6.2741766,-1.4366632,-3.1891203
291,0,Bonnie,51.6311,0.5313001605136437,7.4239807,3.4037724,-5.8048105
292,0,Bonnie,46.9054,0.5296950240770465,7.1823883,3.993185,-5.6402283
293,0,Bonnie,37.7372,0.5280898876404494,7.0835743,4.1826096,-5.4594107
294,0,Bonnie,36.9646,0.5264847512038523,7.1215363,4.083663,-5.47015
295,0,Bonnie,32.0534,0.5248796147672552,7.136055,4.225008,-5.4735336
296,0,Bonnie,36.9833,0.5232744783306581,7.3234673,4.331355,-5.5144567
297,0,Bonnie,47.1453,0.521669341894061,7.332739,4.333709,-5.5709753
298,0,Bonnie,61.6313,0.5192616372391653,7.437052,4.3406086,-5.692114
299,0,Bonnie,112.186,0.5192616372391653,9.619446,8.186067,9.111393
300,0,Bonnie,98.334,0.5168539325842697,9.644209,8.597416,9.467802
301,0,Bonnie,69.6336,0.5152487961476726,9.899311,8.926261,9.699909
302,0,Bonnie,63.1663,0.5136436597110754,9.932764,8.856682,9.656922
303,0,Bonnie,62.8731,0.5120385232744783,10.0,8.567723,9.437934
304,0,Bonnie,61.1337,0.5104333868378812,9.626076,8.103179,8.9981985
305,0,Bonnie,65.7314,0.5088282504012841,9.632534,8.322809,9.241294
306,0,Bonnie,64.9423,0.507223113964687,9.821287,8.995636,9.798605
307,0,Bonnie,65.1548,0.5056179775280899,9.93162,9.143453,9.898918
308,0,Bonnie,54.7782,0.5040128410914928,9.889441,8.779555,9.690297
309,0,Bonnie,67.6032,0.5024077046548957,9.9445095,8.586323,9.439878
310,0,Bonnie,73.1144,0.5008025682182986,9.633247,8.154249,9.009274
311,0,Bonnie,50.2621,0.49919743178170145,9.5355015,8.102637,9.029728
312,0,Bonnie,51.2453,0.49759229534510435,9.816818,9.08043,9.865403
313,0,Bonnie,54.1604,0.4959871589085072,9.923294,9.234513,10.0
314,0,Bonnie,58.7175,0.4943820224719101,9.978483,8.865943,9.607788
315,0,Bonnie,66.9657,0.492776886035313,9.817663,8.378761,9.22838
316,0,Bonnie,61.6749,0.4911717495987159,9.641752,8.241506,8.921027
317,0,Bonnie,61.292,0.4895666131621188,9.713778,8.804583,9.651522
318,0,Bonnie,54.5228,0.48796147672552165,9.858297,8.755777,9.589201
319,0,Bonnie,59.8383,0.48635634028892455,9.682322,8.285641,9.1803665
320,0,Bonnie,54.892,0.48475120385232745,9.587236,8.1772995,9.093135
321,0,Bonnie,50.9663,0.48314606741573035,6.370166,-0.80388355,-6.6078777
322,0,Bonnie,62.3733,0.48154093097913325,4.9286795,-2.9323308,-8.663424
323,0,Bonnie,67.3354,0.4799357945425361,-1.0571404,-1.144795,-7.3799057
324,0,Bonnie,69.1105,0.478330658105939,1.0766659,1.3538074,-9.605529
325,0,Bonnie,70.7738,0.4767255216693419,-0.62466335,1.8304167,-7.7740307
326,0,Bonnie,52.4775,0.4751203852327448,-1.0023103,-0.09915829,-6.3939743
327,0,Bonnie,48.4206,0.47351524879614765,-1.0839658,-0.9453802,-7.328416
328,0,Bonnie,93.5709,0.47191011235955055,2.279951,7.1711407,-3.0389848
329,0,Bonnie,90.0522,0.47030497592295345,2.3923025,7.0024776,-2.9438539
330,0,Bonnie,76.0596,0.46869983948635635,2.4850798,6.495534,-2.4181018
331,0,Bonnie,73.6752,0.46709470304975925,4.2840223,8.345659,0.15217113
332,0,Bonnie,72.7504,0.4654895666131621,4.518078,8.5648985,0.77699614
333,0,Bonnie,77.156,0.463884430176565,4.5782433,8.648643,1.0291333
334,0,Bonnie,92.5496,0.4622792937399679,4.674329,8.688034,1.4267024
335,0,Bonnie,106.199,0.4606741573033708,4.9850473,8.653264,2.2561717
336,0,Bonnie,108.515,0.4590690208667737,5.245941,8.228105,3.2654603
337,0,Bonnie,87.9189,0.45746388443017655,5.362467,7.3218184,4.0059195
338,0,Bonnie,62.9093,0.45585874799357945,5.318571,7.084674,4.1355386
339,0,Bonnie,69.0673,0.45425361155698235,5.3579264,7.028242,4.156044
340,0,Bonnie,108.347,0.45264847512038525,5.2343397,6.771635,4.166916
341,0,Bonnie,132.711,0.4510433386837881,3.56417,-8.566435,0.8741324
342,0,Bonnie,96.6422,0.449438202247191,3.5822077,-8.536087,0.90334606
343,0,Bonnie,90.7292,0.4478330658105939,2.5462856,-9.736361,-1.0051003
344,0,Bonnie,78.4561,0.4462279293739968,2.4870167,-9.419691,-1.5477324
345,0,Bonnie,91.8926,0.4446227929373997,2.4575949,-9.113306,-1.939714
346,0,Bonnie,135.79,0.44301765650080255,3.3494377,-7.8481383,-2.7590384
347,0,Bonnie,141.002,0.44141252006420545,3.3081436,-7.71488,-2.9494605
348,0,Bonnie,147.045,0.43980738362760835,3.518238,-3.765681,-6.3643007
349,0,Bonnie,157.218,0.43820224719101125,2.0392742,-2.769023,-7.034849
350,0,Bonnie,143.746,0.43659711075441415,2.3130226,-0.7535548,-9.367122
351,0,Bonnie,108.967,0.434991974317817,1.9864998,-0.4040885,-9.401805
352,0,Bonnie,77.5408,0.43258426966292135,1.088069,-9.493146,-0.6860714
353,0,Bonnie,63.0387,0.4301765650080257,0.9858074,-9.53347,-0.7159343
354,0,Bonnie,63.8732,0.42857142857142855,0.8387251,-9.258398,-0.76654816
355,0,Bonnie,72.4761,0.42696629213483145,4.4603205,-6.456747,2.5837743
356,0,Bonnie,90.1156,0.42536115569823435,5.2253056,-6.0124035,3.1171489
357,0,Bonnie,77.9266,0.42375601926163725,5.825015,-5.990064,3.2492187
358,0,Bonnie,63.8334,0.42215088282504015,5.8590307,-5.758226,3.1712208
359,0,Bonnie,57.3175,0.420545746388443,5.903638,-5.5208426,3.2430995
360,0,Bonnie,66.4489,0.4189406099518459,5.9587336,-4.961935,3.1601686
361,0,Bonnie,72.3726,0.4173354735152488,6.15518,-4.623278,3.0963624
362,0,Bonnie,117.008,0.4157303370786517,4.971755,-3.9249897,-1.1724572
363,0,Bonnie,119.917,0.41412520064205455,9.164074,6.74457,2.6134303
364,0,Bonnie,127.786,0.41252006420545745,6.1196938,2.9535294,1.3397468
365,0,Bonnie,136.362,0.41091492776886035,6.0986853,2.8564196,1.2758822
366,0,Bonnie,124.186,0.40930979133226325,4.22145,-0.5231571,-2.5881176
367,0,Bonnie,67.0801,0.40770465489566615,4.1999493,-0.50963926,-2.686719
368,0,Bonnie,56.0968,0.406099518459069,2.915784,2.1696558,-7.090167
369,0,Bonnie,76.4673,0.4044943820224719,2.4147558,1.5508642,-8.777875
370,0,Bonnie,80.4795,0.4028892455858748,-1.8812437,1.9214296,-6.610732
371,0,Bonnie,105.413,0.4012841091492777,-1.7198191,0.8050909,-6.6250925
372,0,Bonnie,75.959,0.3996789727126806,-0.95405054,-0.3274188,-8.618793
373,0,Bonnie,58.2283,0.39807383627608345,2.1108608,2.3294783,-6.8599615
374,0,Bonnie,61.4227,0.39646869983948635,1.7873878,1.7952747,-6.3717985
375,0,Bonnie,61.9388,0.39486356340288925,-0.28097343,-0.9015722,-8.986753
376,0,Bonnie,108.182,0.39325842696629215,0.96166515,-2.551632,-6.7189636
377,0,Bonnie,159.497,0.391653290529695,1.9658709,-1.9267921,-8.296786
378,0,Bonnie,76.939,0.3900481540930979,-9.151897,7.2821636,0.07732296
379,0,Bonnie,56.9894,0.3884430176565008,-9.330385,7.4043856,0.1828916
380,0,Bonnie,54.9286,0.3868378812199037,-9.630187,7.6877832,0.43057036
381,0,Bonnie,40.3267,0.3852327447833066,-9.447249,7.5247946,0.28325152
382,0,Bonnie,44.5508,0.3828250401284109,-9.610534,7.6835814,0.40745497
383,0,Bonnie,53.6125,0.38041733547351525,-9.396322,7.463135,0.22848773
384,0,Bonnie,84.4153,0.37881219903691815,-9.719678,7.792323,0.50761056
385,0,Bonnie,49.7255,0.37720706260032105,-9.712464,7.7703094,0.48907018
386,0,Bonnie,43.1772,0.37479935794542535,-9.5807,7.6721134,0.3989582
387,0,Bonnie,63.2784,0.3723916532905297,-9.669386,7.7234697,0.440629
388,0,Bonnie,50.2857,0.3707865168539326,-9.802991,7.863385,0.5661273
389,0,Bonnie,47.484,0.3683788121990369,-9.792832,7.876357,0.58143926
390,0,Bonnie,55.571,0.36597110754414125,-9.672415,7.724818,0.4398017
391,0,Bonnie,61.5791,0.36436597110754415,-9.691799,7.736457,0.44973326
392,0,Bonnie,81.2557,0.36276083467094705,-9.964747,8.019549,0.68718505
393,0,Bonnie,97.0092,0.3611556982343499,-10.0,8.092112,0.74872947
394,0,Bonnie,88.051,0.3595505617977528,-9.373129,7.828841,0.54637504
395,0,Bonnie,140.437,0.35714285714285715,4.3006544,1.1693592,-3.510354
396,0,Bonnie,166.991,0.3547351524879615,4.083947,4.4323635,-4.0469313
397,0,Bonnie,150.32,0.35714285714285715,4.2828913,4.89703,-3.6574287
398,0,Bonnie,77.2019,0.35313001605136435,4.4870434,8.52783,0.7130666
399,0,Bonnie,66.683,0.35152487961476725,4.688817,8.534384,0.98602843
400,0,Bonnie,60.8864,0.34991974317817015,4.915124,8.532522,1.819523
401,0,Bonnie,81.1703,0.34831460674157305,5.1836357,8.459037,2.982331
402,0,Bonnie,101.695,0.3467094703049759,6.0472603,8.592612,3.379321
403,0,Bonnie,152.537,0.3451043338683788,7.239208,7.7610083,3.427465
404,0,Bonnie,172.288,0.3434991974317817,8.62236,7.0284595,5.9828577
405,0,Bonnie,143.483,0.3418940609951846,6.990531,-1.1622224,-3.932138
406,0,Bonnie,108.496,0.3402889245585875,7.064041,-1.0011072,-4.465429
407,0,Bonnie,92.4067,0.33868378812199035,6.663522,-1.0252604,-5.4354086
408,0,Bonnie,83.6167,0.33707865168539325,5.064397,-5.98472,3.1480913
409,0,Bonnie,71.9706,0.33547351524879615,5.0918903,-6.188969,2.8550303
410,0,Bonnie,70.8444,0.33386837881219905,4.0423546,-7.8638353,1.431974
411,0,Bonnie,72.9566,0.33226324237560195,3.862626,-8.249531,0.83848524
412,0,Bonnie,86.2053,0.3306581059390048,4.099698,-7.988739,0.6026993
413,0,Bonnie,102.304,0.3290529695024077,4.9663067,-7.0520587,0.639035
414,0,Bonnie,120.555,0.3274478330658106,5.17251,-6.68722,0.66468716
415,0,Bonnie,158.462,0.3258426966292135,5.3400087,-6.4764853,0.39597678
416,0,Bonnie,84.0929,0.32423756019261635,8.747555,7.735096,3.3471897
417,0,Bonnie,51.9305,0.32263242375601925,8.743027,7.6968155,3.4307275
418,0,Bonnie,51.8019,0.32102728731942215,9.117023,7.152527,3.1381643
419,0,Bonnie,53.706,0.31942215088282505,9.142809,7.493804,2.9796228
420,0,Bonnie,66.459,0.31781701444622795,9.045179,7.959463,2.9492395
421,0,Bonnie,70.8545,0.3162118780096308,9.153917,8.073326,2.8491206
422,0,Bonnie,67.0177,0.31380417335473515,9.117609,7.37115,2.5533412
423,0,Bonnie,90.4488,0.3113964686998395,8.6818695,8.147989,2.621949
424,0,Bonnie,134.173,0.3097913322632424,8.327694,8.674451,2.632386
425,0,Bonnie,146.272,0.30818619582664525,5.0992823,2.7581787,-5.721444
426,0,Bonnie,127.242,0.30658105939004815,5.189003,2.1999912,-6.136194
427,0,Bonnie,94.9987,0.3041733547351525,4.237894,1.7357969,-5.73779
428,0,Bonnie,84.02,0.3017656500802568,4.1220627,2.6661396,-5.1168985
429,0,Bonnie,66.7508,0.3001605136436597,4.8775616,2.5900621,-5.642147
430,0,Bonnie,51.0757,0.2985553772070626,5.176402,2.1722498,-6.133314
431,0,Bonnie,46.427,0.2969502407704655,5.0985527,2.5967388,-6.212228
432,0,Bonnie,60.9701,0.2953451043338684,4.451355,2.553134,-5.4980307
433,0,Bonnie,51.3857,0.29373996789727125,4.1315374,1.7315073,-5.8017206
434,0,Bonnie,42.011,0.29213483146067415,4.5274553,2.1555805,-5.873742
435,0,Bonnie,48.528,0.29052969502407705,4.526929,1.8102131,-5.3606367
436,0,Bonnie,64.0761,0.28892455858747995,4.767927,1.8916988,-4.997078
437,0,Bonnie,87.9571,0.28731942215088285,4.906475,2.0692244,-4.712261
438,0,Bonnie,130.61,0.2857142857142857,6.0198984,9.009132,2.328477
439,0,Bonnie,113.53,0.2841091492776886,6.5139303,9.068894,2.8621693
440,0,Bonnie,101.965,0.2825040128410915,7.0152283,8.911174,3.2299364
441,0,Bonnie,130.623,0.2808988764044944,7.506212,7.89828,3.8759975
442,0,Bonnie,131.028,0.27929373996789725,7.9009876,7.2904406,4.1226783
443,0,Bonnie,113.64,0.27768860353130015,7.521183,5.6152887,4.7654705
444,0,Bonnie,91.4033,0.2752808988764045,6.4629297,3.3091602,4.968214
445,0,Bonnie,78.7708,0.27287319422150885,5.4337835,1.4618921,4.777174
446,0,Bonnie,87.0731,0.2712680577849117,5.0884466,1.326971,4.530153
447,0,Bonnie,84.7558,0.2696629213483146,4.165344,1.2967968,3.8277175
448,0,Bonnie,70.318,0.2680577849117175,4.0945683,0.7270589,3.5100257
449,0,Bonnie,85.9844,0.2664526484751204,4.1344576,0.5990615,3.633046
450,0,Bonnie,142.537,0.26484751203852325,3.667674,-1.2825007,3.1798277
451,0,Bonnie,152.781,0.26324237560192615,4.614358,-6.5680695,2.2848487
452,0,Bonnie,120.146,0.26163723916532905,5.0624876,-6.3019156,1.6904423
453,0,Bonnie,127.226,0.26003210272873195,5.258505,-6.3201585,1.3122864
454,0,Bonnie,128.947,0.25842696629213485,5.64855,0.08785391,-8.030578
455,0,Bonnie,102.936,0.2568218298555377,7.150585,-0.6993971,-5.921109
456,0,Bonnie,86.7884,0.2552166934189406,4.9874144,-2.6877828,3.1002088
457,0,Bonnie,128.366,0.2536115569823435,5.6511755,-3.0769932,3.2462265
458,0,Bonnie,124.247,0.2520064205457464,5.0745974,-2.1568637,-6.4732103
459,0,Bonnie,164.584,0.2504012841091493,2.5261402,-3.5657153,-5.8615675
460,0,Bonnie,97.0188,0.24879614767255218,4.9524364,7.8819904,0.36176062
461,0,Bonnie,90.861,0.24719101123595505,5.042323,8.149544,0.7788007
462,0,Bonnie,75.6091,0.24558587479935795,5.431217,8.63383,1.9807966
463,0,Bonnie,71.6355,0.24398073836276082,5.6162033,8.606419,2.9331894
464,0,Bonnie,74.8242,0.24237560192616373,6.7399864,8.831019,3.2163725
465,0,Bonnie,92.6686,0.24077046548956663,7.1568775,7.74802,3.556651
466,0,Bonnie,125.505,0.2391653290529695,5.4654083,2.7561684,4.2690883
467,0,Bonnie,161.7,0.2375601926163724,6.3583956,-1.4291129,-3.191103
468,0,Bonnie,159.357,0.23595505617977527,7.0786963,-0.9479885,-4.148118
469,0,Bonnie,112.0,0.23434991974317818,6.2695274,-0.6260834,-6.1321716
470,0,Bonnie,104.415,0.23274478330658105,6.4558287,-0.5480156,-6.622896
471,0,Bonnie,132.228,0.23113964686998395,5.6635246,-2.0576406,-8.892735
472,0,Bonnie,135.995,0.22953451043338685,5.467677,8.117351,3.4300618
473,0,Bonnie,135.295,0.22792937399678972,5.5884657,7.1426163,3.9831743
474,0,Bonnie,110.31,0.22552166934189405,5.3805685,3.387847,4.312692
475,0,Bonnie,88.8835,0.2231139646869984,5.043293,2.3554735,4.3841577
476,0,Bonnie,85.702,0.22150882825040127,4.9654303,1.9672174,4.3291
477,0,Bonnie,84.7676,0.21910112359550563,4.887952,1.527689,4.1571865
478,0,Bonnie,98.1777,0.21669341894060995,4.601797,0.75322294,4.379098
479,0,Bonnie,113.795,0.21348314606741572,4.453334,0.20479918,4.4042406
480,0,Bonnie,142.279,0.22552166934189405,4.3721123,-0.2907567,4.3295426
481,0,Bonnie,99.0194,0.21348314606741572,4.2610207,-7.4328613,1.665771
482,0,Bonnie,135.711,0.2102728731942215,4.5840836,-6.2960753,2.808572
483,0,Bonnie,122.042,0.2086677367576244,4.733719,-5.936419,2.8243227
484,0,Bonnie,125.648,0.20706260032102727,5.1933804,-5.9072037,2.0328386
485,0,Bonnie,122.527,0.20545746388443017,4.921438,-6.5576477,1.1171777
486,0,Bonnie,132.439,0.20385232744783308,5.0471544,-6.6988664,0.63968205
487,0,Bonnie,189.301,0.21910112359550563,6.503829,-0.5554166,-6.974785
488,0,Bonnie,155.679,0.20224719101123595,6.424036,-1.978169,-7.6165648
489,0,Bonnie,140.321,0.20064205457463885,5.3677616,-2.7612138,-9.193173
490,0,Bonnie,80.4202,0.19903691813804172,8.679865,8.26014,1.2776427
491,0,Bonnie,72.079,0.19743178170144463,8.034689,9.492724,2.9859705
492,0,Bonnie,70.1076,0.1958266452648475,8.297272,9.15419,2.985945
493,0,Bonnie,69.8981,0.1942215088282504,8.361675,9.3320875,2.9433544
494,0,Bonnie,69.4321,0.1926163723916533,8.219557,9.801423,2.4596171
495,0,Bonnie,60.2628,0.19101123595505617,8.285517,9.641805,2.5196166
496,0,Bonnie,62.8832,0.18940609951845908,8.524502,9.681388,3.1115856
497,0,Bonnie,57.3506,0.18780096308186195,8.025179,9.772622,3.291584
498,0,Bonnie,72.2585,0.18619582664526485,8.050882,9.64181,3.1816695
499,0,Bonnie,88.8309,0.18459069020866772,9.0763,9.019701,3.2451108
500,0,Bonnie,91.0065,0.18298555377207062,9.249199,8.6726885,3.1402855
501,0,Bonnie,100.238,0.18138041733547353,9.242285,8.050987,3.0423238
502,0,Bonnie,87.4913,0.1797752808988764,9.272892,7.856571,2.998244
503,0,Bonnie,74.8939,0.1781701444622793,9.30374,7.9122915,2.9196136
504,0,Bonnie,87.9045,0.17656500802568217,-1.7102628,-0.0862236,0.49233484
505,0,Bonnie,82.6089,0.17495987158908508,-1.6970611,-0.08128309,0.42189145
506,0,Bonnie,92.3848,0.17335473515248795,-1.9487343,-0.16621351,0.058568716
507,0,Bonnie,103.766,0.17174959871589085,-1.9871736,0.50929976,-3.3928857
508,0,Bonnie,95.1736,0.17014446227929375,2.7346745,2.4753027,-5.507148
509,0,Bonnie,83.9029,0.16853932584269662,-2.0386147,2.3229208,-7.0217085
510,0,Bonnie,71.6663,0.16693418940609953,-1.5212812,0.8032799,-6.6246414
511,0,Bonnie,69.6876,0.1653290529695024,0.21404839,1.4130135,-6.779619
512,0,Bonnie,67.2337,0.1637239165329053,0.7110777,1.9805012,-7.0872917
513,0,Bonnie,55.2549,0.16211878009630817,0.07455826,1.9189711,-6.659322
514,0,Bonnie,68.5391,0.16051364365971107,0.08659363,-1.4660287,-6.519946
515,0,Bonnie,61.1657,0.15890850722311398,-0.09132004,-1.4413261,-7.3553724
516,0,Bonnie,70.1958,0.15730337078651685,-0.8599825,1.4397898,-8.411256
517,0,Bonnie,72.4087,0.15569823434991975,0.6157131,2.6739082,-5.146822
518,0,Bonnie,76.4677,0.15409309791332262,-0.12556458,-0.26992464,-8.540912
519,0,Bonnie,78.2592,0.15248796147672553,0.58926487,0.48988533,-8.660624
520,0,Bonnie,58.9175,0.1508828250401284,-0.9286547,1.4346352,-8.414379
521,0,Bonnie,56.0708,0.1492776886035313,-1.5863824,0.91957283,-7.767411
522,0,Bonnie,62.7768,0.1476725521669342,0.33393097,0.259315,-8.06311
523,0,Bonnie,69.5592,0.14606741573033707,0.48662472,0.41819286,-8.612427
524,0,Bonnie,59.0978,0.14446227929373998,-0.78759575,2.0478306,-7.7009535
525,0,Bonnie,51.896,0.14285714285714285,-1.3614392,0.43621635,-7.8405285
526,0,Bonnie,190.701,0.14125200642054575,0.18363857,-8.154259,-0.7113538
527,0,Bonnie,158.471,0.13964686998394862,1.1845541,-3.0589511,-6.568877
528,0,Bonnie,182.303,0.13804173354735153,4.9021893,-3.1305246,-8.63869
529,0,Bonnie,101.796,0.13643659711075443,5.0245676,-5.3084416,2.7319856
530,0,Bonnie,76.8633,0.1348314606741573,4.9074936,-5.332004,2.7497094
531,0,Bonnie,89.4577,0.1332263242375602,4.583412,-5.2722545,2.9489608
532,0,Bonnie,86.2773,0.13162118780096307,5.141816,-5.399823,2.542117
533,0,Bonnie,77.6014,0.13001605136436598,5.266033,-5.4166403,2.6411195
534,0,Bonnie,82.5151,0.12841091492776885,4.796935,-5.1540947,2.7684052
535,0,Bonnie,75.7299,0.12680577849117175,4.7821894,-4.7886233,2.9325194
536,0,Bonnie,62.5113,0.12520064205457465,5.016843,-5.392615,2.466801
537,0,Bonnie,67.1444,0.12359550561797752,4.809643,-5.2979765,2.8393817
538,0,Bonnie,73.4962,0.12199036918138041,4.9799347,-4.7922134,2.7345166
539,0,Bonnie,65.0994,0.12038523274478331,5.2359657,-4.7366257,2.7309647
540,0,Bonnie,57.3864,0.1187800963081862,5.214595,-4.593581,2.6435733
541,0,Bonnie,76.4834,0.11717495987158909,5.1441727,-3.709491,2.9398708
542,0,Bonnie,83.2795,0.11476725521669343,5.327319,-3.135147,3.092587
543,0,Bonnie,65.4745,0.11235955056179775,5.4584513,-2.9004226,2.97791
544,0,Bonnie,75.3947,0.11075441412520064,5.40609,-2.630404,2.835962
545,0,Bonnie,91.0864,0.10914927768860354,5.501627,-2.534493,2.9594796
546,0,Bonnie,104.096,0.10754414125200643,5.6594515,0.83862543,3.1209188
547,0,Bonnie,108.138,0.10593900481540931,5.1855946,0.11158085,4.0693746
548,0,Bonnie,77.2496,0.1043338683788122,5.3375635,-2.1251674,2.7634368
549,0,Bonnie,76.0847,0.10272873194221509,5.0112114,-0.9484868,2.3334906
550,0,Bonnie,78.4902,0.10112359550561797,5.0267344,0.4621439,2.1284628
551,0,Bonnie,77.7852,0.09951845906902086,5.7122765,0.7167525,2.9585922
552,0,Bonnie,84.1612,0.09791332263242375,5.8530865,0.7962117,3.2413146
553,0,Bonnie,67.4866,0.09630818619582665,5.0270605,-0.91923857,2.2371602
554,0,Bonnie,60.5477,0.09470304975922954,5.1144266,-0.24011517,1.6201417
555,0,Bonnie,85.4685,0.09309791332263243,4.828121,0.55230284,3.8054066
556,0,Bonnie,70.7106,0.09069020866773676,4.5402327,0.4567194,3.5791628
557,0,Bonnie,74.5074,0.08828250401284109,5.102927,0.5902786,2.2687297
558,0,Bonnie,59.8438,0.08667736757624397,5.468877,0.935678,3.831368
559,0,Bonnie,60.0328,0.08507223113964688,4.8210163,0.4427309,3.874758
560,0,Bonnie,72.9402,0.08346709470304976,5.3958073,1.0794249,3.7194357
561,0,Bonnie,78.5202,0.08186195826645265,5.264763,0.106259346,4.3303723
562,0,Bonnie,82.209,0.08025682182985554,5.3583717,0.28415728,4.1106877
563,0,Bonnie,87.1324,0.07865168539325842,5.055833,0.03248167,4.0925508
564,0,Bonnie,81.0883,0.07624398073836276,5.0691395,-0.048394203,3.996936
565,0,Bonnie,56.7441,0.0738362760834671,5.3263617,-0.21999168,4.200346
566,0,Bonnie,89.1256,0.07223113964686999,4.8860464,-0.62423944,3.9925451
567,0,Bonnie,160.038,0.07624398073836276,4.7468586,-1.1325092,3.3989527
568,0,Bonnie,197.577,0.3683788121990369,4.5893335,-0.77512264,2.30656
569,0,Bonnie,100.884,0.07062600321027288,5.2601576,-0.56225014,-6.6014166
570,0,Bonnie,96.706,0.06902086677367576,5.920287,0.08623648,2.8474858
571,0,Bonnie,105.371,0.06741573033707865,5.6275845,-3.043901,-7.987734
572,0,Bonnie,75.3372,0.06500802568218299,6.0215626,-1.0145211,-7.9831896
573,0,Bonnie,63.3448,0.06260032102728733,5.2873516,-1.6699944,-7.8159533
574,0,Bonnie,95.7788,0.060995184590690206,4.242964,-1.9440494,-6.884659
575,0,Bonnie,80.25,0.0593900481540931,5.539714,-3.2691774,-7.6162634
576,0,Bonnie,85.5373,0.05778491171749599,5.6815615,-2.0798788,-8.56388
577,0,Bonnie,77.989,0.05537720706260032,4.954324,-1.5092673,-7.73631
578,0,Bonnie,90.4762,0.052969502407704656,4.6609297,-1.5616283,-6.6735096
579,0,Bonnie,81.0571,0.051364365971107544,6.240546,-1.2424936,-7.6615343
580,0,Bonnie,57.1883,0.04975922953451043,6.0429573,-1.6490097,-7.857646
581,0,Bonnie,50.0689,0.04735152487961477,5.479233,-1.9611645,-8.4500065
582,0,Bonnie,83.5244,0.0449438202247191,3.861374,-2.101838,-8.743596
583,0,Bonnie,119.083,0.04333868378812199,2.9916058,-2.0815191,-8.213241
584,0,Bonnie,140.206,0.06500802568218299,4.7687864,-0.61849403,-6.856658
585,0,Bonnie,94.5318,0.04173354735152488,5.8143797,-3.0389636,-7.6920195
586,0,Bonnie,209.666,0.37479935794542535,5.6564503,-3.2357159,-7.860547
587,0,Bonnie,244.242,0.43258426966292135,5.3357887,0.3272419,-8.164694
588,0,Bonnie,248.614,0.3828250401284109,7.1973076,-0.536571,-6.0148134
589,0,Bonnie,222.637,0.2752808988764045,6.972913,-2.682106,-7.32473
590,0,Bonnie,131.018,0.04735152487961477,4.7800026,1.1818166,4.5393934
591,0,Bonnie,133.48,0.03932584269662921,4.79663,0.5562954,4.2594337
592,0,Bonnie,110.221,0.03531300160513644,4.9297523,0.6010723,3.8580375
593,0,Bonnie,136.237,0.03691813804173355,5.0400753,0.13361597,4.135484
594,0,Bonnie,167.884,0.03932584269662921,5.067734,-0.22892952,4.485878
595,0,Bonnie,199.12,0.31380417335473515,9.446684,8.025039,8.983128
596,0,Bonnie,140.769,0.033707865168539325,3.417429,-1.8811641,-9.185329
597,0,Bonnie,183.656,0.05537720706260032,6.062331,-3.7540486,4.226292
598,0,Bonnie,173.118,0.09069020866773676,5.0306664,-0.97599506,2.424574
599,0,Bonnie,184.829,0.11476725521669343,4.9936295,-0.6598029,-6.721401
600,0,Bonnie,223.065,0.5449438202247191,5.294156,-3.495327,-7.774452
601,0,Bonnie,216.397,0.3041733547351525,7.4705944,3.1735954,-5.8843822
602,0,Bonnie,134.364,0.03210272873194221,7.2086945,4.180393,-5.485486
603,0,Bonnie,96.0777,0.030497592295345103,7.1119556,4.1631384,-5.390107
604,0,Bonnie,100.384,0.028892455858747994,6.967143,4.0061893,-5.3377075
605,0,Bonnie,98.0266,0.027287319422150885,6.5822477,3.9002552,-5.1691837
606,0,Bonnie,101.77,0.024879614767255216,6.3909225,3.9696665,-5.0780554
607,0,Bonnie,139.31,0.021669341894060994,6.2236395,3.7120142,-5.262061
608,0,Bonnie,146.352,0.021669341894060994,6.9954443,-0.54786587,-7.0923853
609,0,Bonnie,159.05,0.024879614767255216,4.6738596,-2.389874,-6.372822
610,0,Bonnie,156.048,0.019261637239165328,4.4490337,-2.7785206,-6.1194506
611,0,Bonnie,188.68,0.21348314606741572,6.122533,-1.3604407,-8.228613
612,0,Bonnie,219.195,0.5497592295345104,2.8457747,-1.4576607,-9.1093855
613,0,Bonnie,124.209,0.01765650080256822,-0.014698029,2.420824,-7.5180435
614,0,Bonnie,117.018,0.016051364365971106,0.8960676,0.6107726,-8.257033
615,0,Bonnie,88.4249,0.014446227929373997,-0.3723154,0.017920017,-9.840954
616,0,Bonnie,56.9137,0.012841091492776886,-0.6406956,0.54739046,-9.178807
617,0,Bonnie,56.8339,0.011235955056179775,-0.43159866,0.36401796,-9.6259365
618,0,Bonnie,103.183,0.009630818619582664,-1.0934277,1.5067387,-8.016762
619,0,Bonnie,121.87,0.008025682182985553,-1.3617015,-0.19305706,-7.561534
620,0,Bonnie,107.253,0.006420545746388443,-2.0554419,2.7110004,-7.433364
621,0,Bonnie,82.7821,0.004815409309791332,-1.808816,0.21445084,-9.210654
622,0,Bonnie,88.3891,0.0032102728731942215,-1.464603,-0.5704336,-7.2059097
623,0,Bonnie,100.568,0.0016051364365971107,-0.25793743,1.1872926,-9.523997
624,1,Eric,161.397,0.908256880733945,-1.1559448,1.7400427,-7.7846212
625,1,Eric,155.74,0.8944954128440367,-3.075636,2.9339743,-2.4155283
626,1,Eric,139.077,0.8807339449541285,-3.1029258,3.805584,-2.1005926
627,1,Eric,140.489,0.8715596330275229,-2.0286078,2.665225,-3.504335
628,1,Eric,141.997,0.8623853211009175,-1.9266057,3.4520102,-7.440015
629,1,Eric,170.091,0.8486238532110092,-1.4277148,3.9016542,-7.3683157
630,1,Eric,169.54,0.8486238532110092,1.1606598,6.0519447,-6.138795
631,1,Eric,145.084,0.8348623853211009,1.0778437,7.103236,-5.5006094
632,1,Eric,118.147,0.8256880733944955,0.98810005,7.5600367,-5.882695
633,1,Eric,123.515,0.8165137614678899,1.0642357,7.371131,-6.2900305
634,1,Eric,118.351,0.8073394495412844,0.9394541,7.039505,-6.728404
635,1,Eric,108.638,0.7981651376146789,0.67751694,6.299884,-7.1508503
636,1,Eric,188.045,0.963302752293578,0.119633675,5.440031,-7.741331
637,1,Eric,246.79,0.9724770642201835,0.9816332,-0.571836,-9.490167
638,1,Eric,251.067,0.944954128440367,-1.287498,-1.7211719,-8.61609
639,1,Eric,224.394,0.9311926605504587,2.5135078,6.032816,-2.5603561
640,1,Eric,179.007,0.8944954128440367,-1.2360516,6.334257,-0.7165656
641,1,Eric,130.551,0.7798165137614679,-1.8300524,6.0344048,0.56583333
642,1,Eric,140.02,0.7706422018348624,-1.989367,5.873904,0.5984385
643,1,Eric,115.357,0.7614678899082569,-1.9836283,5.885722,0.7297423
644,1,Eric,119.468,0.7431192660550459,-2.2773066,5.585863,0.29685187
645,1,Eric,91.534,0.7339449541284404,-2.562334,5.348893,-0.21760154
646,1,Eric,103.225,0.7247706422018348,-2.5770445,5.5652103,-0.33587766
647,1,Eric,112.68,0.7155963302752294,-1.9175353,5.8795853,-0.24033117
648,1,Eric,128.023,0.7064220183486238,-1.7071967,5.9353924,0.0058603287
649,1,Eric,100.13,0.6972477064220184,-1.9942756,5.875415,0.61949134
650,1,Eric,153.766,0.6880733944954128,-3.077653,3.1887007,-2.4698348
651,1,Eric,161.089,0.6788990825688074,-3.2783318,3.7458363,-2.5054364
652,1,Eric,146.503,0.6697247706422018,-2.393384,3.948306,-2.9791064
653,1,Eric,137.499,0.6605504587155964,-3.173563,5.526368,-1.2612762
654,1,Eric,110.359,0.6467889908256881,4.779537,-1.0620255,-4.6821766
655,1,Eric,141.02,0.6330275229357798,4.8396263,-1.954781,-4.2508163
656,1,Eric,126.131,0.6467889908256881,-2.51507,6.818865,-3.3607035
657,1,Eric,98.5551,0.6238532110091743,-2.3392663,6.8627996,-3.6641626
658,1,Eric,69.8413,0.6146788990825688,-2.67023,6.750473,-3.440187
659,1,Eric,79.9193,0.6055045871559633,-2.796247,6.6204987,-3.5192375
660,1,Eric,102.819,0.5963302752293578,-3.1641111,6.497958,-3.7296743
661,1,Eric,122.517,0.5825688073394495,-3.6428795,5.8439007,-3.7952194
662,1,Eric,116.675,0.5688073394495413,-3.7224627,5.5659304,-3.7446766
663,1,Eric,133.263,0.5596330275229358,-3.8947654,4.4283752,-2.885301
664,1,Eric,133.204,0.5504587155963303,-2.9610686,3.9514704,-3.0851088
665,1,Eric,100.355,0.5412844036697247,-2.8173394,5.8902626,-3.3136458
666,1,Eric,100.38,0.5229357798165137,-2.4344282,5.5559855,-3.7267885
667,1,Eric,101.254,0.5045871559633027,-2.0703278,4.856368,-3.9931526
668,1,Eric,145.109,0.4908256880733945,-1.878983,4.587824,-4.2819333
669,1,Eric,205.918,0.5825688073394495,2.1638784,-2.3506956,-2.2862153
670,1,Eric,166.834,0.5229357798165137,-5.64015,5.8288155,-2.2502031
671,1,Eric,135.944,0.4908256880733945,-5.533222,5.685609,-2.6116881
672,1,Eric,101.093,0.47706422018348627,-4.9669785,5.5276575,-3.4481688
673,1,Eric,106.176,0.46788990825688076,-5.110743,5.4307384,-3.392159
674,1,Eric,89.7317,0.4541284403669725,-5.138912,5.398487,-3.3670993
675,1,Eric,97.7646,0.44036697247706424,-5.083218,5.4263697,-3.4321103
676,1,Eric,91.8966,0.42660550458715596,-5.21482,5.6530495,-3.737946
677,1,Eric,82.1173,0.41284403669724773,-5.199401,5.62599,-3.657096
678,1,Eric,63.368,0.4036697247706422,-5.028215,5.787237,-3.8314447
679,1,Eric,74.6134,0.38990825688073394,-4.8051367,5.8231087,-3.9570942
680,1,Eric,88.9825,0.3761467889908257,-3.7955961,6.300578,-4.5517273
681,1,Eric,95.416,0.3577981651376147,-2.9702568,6.8926907,-4.9565763
682,1,Eric,102.281,0.3394495412844037,-2.1481628,7.270403,-5.242285
683,1,Eric,103.966,0.3577981651376147,-1.185112,7.5417175,-5.328847
684,1,Eric,112.896,0.3577981651376147,-0.60006046,7.5132885,-5.4058914
685,1,Eric,100.289,0.3302752293577982,-0.6665201,7.6886234,-5.413992
686,1,Eric,170.899,0.7522935779816514,-0.5794735,7.6909304,-5.3235035
687,1,Eric,232.185,0.9311926605504587,-0.45364475,7.545829,-5.297126
688,1,Eric,200.334,0.7889908256880734,2.8844938,-4.973999,-1.0002413
689,1,Eric,151.46,0.3211009174311927,4.824875,-2.2310362,-4.0611134
690,1,Eric,153.086,0.3119266055045872,-4.252768,4.73322,-3.1324553
691,1,Eric,165.488,0.2981651376146789,-3.6949553,4.9164944,-2.9636178
692,1,Eric,282.74,1.0,-3.1650233,5.566537,-1.0217214
693,1,Eric,309.72,0.9908256880733946,-2.287901,2.9121246,-7.1902494
694,1,Eric,202.905,0.2798165137614679,-0.53157234,-9.476331,-1.7191329
695,1,Eric,144.446,0.2798165137614679,-0.5211172,-9.391986,-1.8920803
696,1,Eric,112.538,0.24770642201834864,-0.5707474,7.1463804,-5.5125074
697,1,Eric,102.191,0.22018348623853212,-3.4478269,4.3875637,-2.8462973
698,1,Eric,122.02,0.21100917431192662,-2.022511,1.0713549,-3.6696596
699,1,Eric,121.005,0.19724770642201836,-1.9986496,3.350109,-7.243452
700,1,Eric,170.577,0.1834862385321101,-1.6415596,3.6503124,-7.3664694
701,1,Eric,185.299,0.4541284403669725,0.8256035,7.044965,-5.4019976
702,1,Eric,131.592,0.23394495412844038,0.71630764,7.9902573,-7.7016077
703,1,Eric,127.333,0.25688073394495414,0.58612823,7.8845863,-8.070926
704,1,Eric,115.669,0.14678899082568808,0.47573566,7.836522,-8.0711975
705,1,Eric,122.186,0.13761467889908258,0.5374336,7.8871565,-8.07646
706,1,Eric,165.777,0.38990825688073394,0.5873461,7.9499397,-8.101797
707,1,Eric,218.877,0.9541284403669725,0.62561893,7.921508,-8.140197
708,1,Eric,170.862,0.16972477064220184,0.28259277,7.5087414,-7.9576063
709,1,Eric,144.916,0.1559633027522936,1.2241192,7.681856,-5.189481
710,1,Eric,116.851,0.16972477064220184,0.6222105,7.756996,-5.6229467
711,1,Eric,160.925,0.11926605504587157,-2.0299487,2.713502,-3.737584
712,1,Eric,218.808,0.2981651376146789,-2.6998997,6.741047,-3.4667807
713,1,Eric,259.343,0.981651376146789,-3.553475,5.723567,-3.785789
714,1,Eric,253.468,0.9174311926605505,-3.998777,4.1639833,-2.5898795
715,1,Eric,229.148,0.26605504587155965,2.0222855,-2.757215,-1.7013392
716,1,Eric,231.739,0.19724770642201836,-1.9046993,1.4158545,-3.801413
717,1,Eric,228.124,0.23394495412844038,0.9410076,-1.0743356,-6.4959507
718,1,Eric,105.059,0.09174311926605505,8.919928,9.478511,2.666
719,1,Eric,122.472,0.08256880733944955,8.119843,9.82533,3.2481172
720,1,Eric,115.087,0.06880733944954129,7.9212894,9.820804,3.3623054
721,1,Eric,110.191,0.045871559633027525,7.315027,9.250468,3.3828645
722,1,Eric,162.092,0.045871559633027525,6.8377886,7.9207687,3.7980103
723,1,Eric,214.366,0.06880733944954129,6.603546,7.301303,3.8984947
724,1,Eric,219.717,0.12844036697247707,4.646718,1.7692671,4.194967
725,1,Eric,191.23,0.10550458715596331,4.694769,1.5057764,2.6390648
726,1,Eric,157.534,0.045871559633027525,-1.6666565,5.832079,1.1314414
727,1,Eric,143.272,0.027522935779816515,-1.9016356,5.965,1.0009155
728,1,Eric,250.791,0.5229357798165137,-1.9086032,6.0000286,0.9375503
729,1,Eric,210.126,0.42660550458715596,-2.6319966,6.552451,-3.505342
730,1,Eric,155.92,0.10550458715596331,-2.665731,6.6504555,-3.453045
731,1,Eric,98.7739,0.01834862385321101,-2.0526047,0.0762043,-5.5798883
732,1,Eric,64.018,0.009174311926605505,-1.6833887,-0.19519329,-5.899539
733,2,Jon,115.785,0.43956043956043955,0.53929615,8.811624,-3.7929082
734,2,Jon,174.789,0.45054945054945056,0.3855667,8.737806,-3.689641
735,2,Jon,192.964,0.5879120879120879,2.5354347,0.5470004,-4.775732
736,2,Jon,122.012,0.34615384615384615,1.9763575,7.0966063,-4.0703564
737,2,Jon,224.064,0.5274725274725275,1.9707613,6.9800005,-4.2403913
738,2,Jon,212.244,0.6483516483516484,6.568408,4.4604616,-5.0646353
739,2,Jon,162.851,0.5494505494505495,9.018599,9.209128,0.2248025
740,2,Jon,129.237,0.3241758241758242,9.043381,9.216828,0.20318174
741,2,Jon,197.445,0.4010989010989011,1.3914328,4.1875706,-2.963056
742,2,Jon,227.542,0.3791208791208791,-1.9747243,0.41985703,0.7213435
743,2,Jon,193.542,0.2692307692307692,-2.3863797,-0.06989288,1.6013988
744,2,Jon,165.753,0.24175824175824176,1.2784624,3.5562553,-2.4477262
745,2,Jon,151.44,0.3021978021978022,1.36588,4.0128517,-2.8211799
746,2,Jon,92.5844,0.23076923076923078,1.2372446,3.8278055,-2.8604617
747,2,Jon,103.719,0.21978021978021978,1.2044353,3.6022596,-2.7571678
748,2,Jon,179.623,0.3626373626373626,-2.0155144,0.52858496,-0.28308415
749,2,Jon,248.016,0.7582417582417582,8.876177,9.085472,0.5465479
750,2,Jon,290.342,0.945054945054945,0.68196964,2.0990686,-7.5656443
751,2,Jon,90.0528,0.2087912087912088,0.55872154,8.807053,-3.869421
752,2,Jon,162.651,0.3021978021978022,3.870326,1.8756943,-5.5453777
753,2,Jon,173.022,0.42857142857142855,-0.18108177,7.289418,-5.259738
754,2,Jon,243.499,0.9340659340659341,-3.087172,2.87564,-2.2933826
755,2,Jon,238.417,0.5054945054945055,-1.8350496,2.434291,-3.441378
756,2,Jon,150.786,0.2692307692307692,1.6508961,3.3176498,-4.287336
757,2,Jon,135.842,0.1978021978021978,1.786624,2.846877,-3.7506375
758,2,Jon,297.021,0.9560439560439561,4.816166,-2.0627613,-4.168188
759,2,Jon,164.505,0.4010989010989011,1.1428232,8.232398,-4.6342144
760,2,Jon,190.514,0.6263736263736264,1.7042847,7.7547035,-4.4716125
761,2,Jon,128.59,0.1813186813186813,5.4745703,4.381507,-5.682973
762,2,Jon,207.905,0.6923076923076923,5.37763,4.593278,-5.561654
763,2,Jon,280.838,0.9230769230769231,4.9322996,5.068901,-5.3281317
764,2,Jon,298.6,0.8021978021978022,-0.038897514,-0.7934284,-0.12811613
765,2,Jon,232.301,0.6373626373626373,1.6420546,-1.3390293,-5.225312
766,2,Jon,252.453,0.5714285714285714,3.8028336,3.0804176,-5.309787
767,2,Jon,296.178,0.7692307692307693,-1.904396,3.3476915,-7.42626
768,2,Jon,194.182,0.3241758241758242,0.61837196,7.916728,-7.8140583
769,2,Jon,151.679,0.3791208791208791,0.7994814,7.6655073,-8.117395
770,2,Jon,237.043,0.8131868131868132,0.41591454,-1.7912078,-7.675083
771,2,Jon,246.205,0.6648351648351648,8.423096,6.0881815,0.014895916
772,2,Jon,117.711,0.16483516483516483,8.94413,9.191531,3.2206295
773,2,Jon,225.035,0.5384615384615384,1.6033268,1.8080168,-6.494727
774,2,Jon,216.535,0.489010989010989,0.6151018,8.776171,-3.9168663
775,2,Jon,230.988,0.6153846153846154,1.8534861,7.229512,-4.107201
776,2,Jon,208.986,0.2692307692307692,2.0696115,6.9326267,-4.0355234
777,2,Jon,249.389,0.7472527472527473,4.8288717,8.242734,1.6604195
778,2,Jon,280.745,0.8461538461538461,2.90271,-1.420999,-9.06402
779,2,Jon,286.004,0.8791208791208791,0.2802391,1.5767965,-9.3121395
780,2,Jon,276.487,0.7912087912087912,-0.70945454,3.0816002,-7.91675
781,2,Jon,208.798,0.6648351648351648,0.8219738,8.495507,-4.37796
782,2,Jon,191.507,0.6813186813186813,1.6989765,4.337206,-3.8491511
783,2,Jon,292.117,0.967032967032967,-1.7308092,2.563017,-3.4406953
784,2,Jon,152.376,0.15384615384615385,0.33981133,8.739364,-3.9475274
785,2,Jon,146.906,0.14285714285714285,9.022488,9.271697,0.15873694
786,2,Jon,172.504,0.12637362637362637,1.2896938,2.6804838,-4.142968
787,2,Jon,136.607,0.12637362637362637,9.2945175,8.989203,0.5461557
788,2,Jon,207.066,0.34615384615384615,9.031214,9.182196,0.2263484
789,2,Jon,209.658,0.2692307692307692,1.7008362,2.9513502,-3.7891212
790,2,Jon,169.784,0.08791208791208792,-1.8333488,0.24361849,-3.0506015
791,2,Jon,152.8,0.07692307692307693,-0.58848286,-1.6625347,-7.042388
792,2,Jon,251.549,0.7362637362637363,8.80094,7.4728603,1.8852192
793,2,Jon,243.564,0.5164835164835165,1.9697924,-4.003742,-4.9894648
794,2,Jon,280.475,0.7252747252747253,1.9759798,-2.7437072,-1.3782687
795,2,Jon,310.481,0.8681318681318682,3.2757692,-3.685019,-6.24545
796,2,Jon,248.104,0.8351648351648352,-0.062376022,8.07917,-4.8781815
797,2,Jon,141.699,0.06593406593406594,1.8130484,3.8692198,-2.2507825
798,2,Jon,213.949,0.489010989010989,5.22791,0.8671131,4.0401626
799,2,Jon,196.566,0.1813186813186813,4.615546,-4.9775825,2.9225247
800,2,Jon,255.613,0.989010989010989,1.4245491,7.5805655,-4.866908
801,2,Jon,218.862,0.6043956043956044,2.4768715,5.9528694,-2.4846568
802,2,Jon,213.421,0.4725274725274725,1.5093765,7.2903986,-2.9181876
803,2,Jon,270.65,0.8571428571428571,6.1764717,6.8048687,2.193131
804,2,Jon,336.29,0.978021978021978,1.6583376,1.8859854,-6.4914675
805,2,Jon,253.914,1.0,0.9936514,8.289887,-4.590646
806,2,Jon,269.262,0.8241758241758241,1.355402,7.876131,-4.9402046
807,2,Jon,152.482,0.0989010989010989,0.7935009,7.71704,-7.972042
808,2,Jon,300.286,0.9120879120879121,-1.9270687,2.5445404,-3.441216
809,2,Jon,191.321,0.46153846153846156,0.86395454,7.8708477,-7.7355185
810,2,Jon,318.136,0.8901098901098901,4.5968466,6.78179,-1.3841982
811,2,Jon,281.478,0.5879120879120879,4.523303,-5.0223684,2.8302703
812,2,Jon,225.662,0.7032967032967034,7.3776474,0.35675335,-5.4549484
813,2,Jon,205.528,0.7142857142857143,8.676624,9.986119,3.1763718
814,2,Jon,175.573,0.4175824175824176,9.211546,8.98948,0.61707735
815,2,Jon,228.881,0.7802197802197802,8.820053,9.675611,1.5761681
816,2,Jon,290.403,0.9010989010989011,1.4825392,2.6407824,-4.0617003
817,2,Jon,247.036,0.5604395604395604,4.0533276,-2.9544585,0.41495943
818,2,Jon,124.427,0.054945054945054944,3.876049,-2.443029,1.8710649
819,2,Jon,130.71,0.04395604395604396,3.9741764,-2.6058125,1.766229
820,2,Jon,144.579,0.03296703296703297,-3.0817366,-0.25623894,0.58376956
821,2,Jon,119.022,0.02197802197802198,-2.026822,5.270978,-3.7343836
822,2,Jon,136.432,0.01098901098901099,-1.9980464,5.2301702,-3.7529082
823,2,Jon,242.159,0.10989010989010989,5.0631914,8.216732,3.2661593
